price,model_year,manufacturer,condition,odometer,type,model
20795,2015,mercedes,good,27393,suv,c-class
5860,2014,mercedes,like new,58480,truck,gle
59886,2017,chevrolet,good,118243,suv,malibu
11265,2015,toyota,good,89290,suv,tacoma
42194,2020,mercedes,excellent,218407,coupe,c-class
49131,1998,mercedes,new,105263,suv,c-class
65263,1996,kia,new,141179,sedan,sorento
21023,2014,chevrolet,new,6993,suv,equinox
46090,2010,honda,good,228413,sedan,accord
72221,2022,toyota,excellent,94650,coupe,rav4
69820,2012,hyundai,fair,235397,truck,sonata
5769,2002,ford,good,118595,hatchback,explorer
64735,1997,audi,good,53066,sedan,q5
67955,2003,nissan,excellent,112850,truck,sentra
69925,2014,mercedes,like new,43942,truck,c-class
72969,2000,chevrolet,good,17138,sedan,tahoe
10311,2004,audi,like new,119558,coupe,q7
58707,2015,nissan,like new,176599,pickup,altima
33693,2004,nissan,new,10190,truck,altima
76932,2007,hyundai,excellent,93259,truck,elantra
30658,2011,hyundai,like new,79422,coupe,santa fe
23431,2003,hyundai,excellent,187770,coupe,tucson
7747,2011,bmw,new,83315,suv,x3
64150,2018,bmw,excellent,225782,coupe,5 series
70725,2003,nissan,good,30086,truck,altima
40773,2003,hyundai,like new,149394,sedan,elantra
72435,1995,kia,excellent,240204,pickup,optima
61886,1996,mercedes,fair,126604,suv,gle
71803,2022,audi,excellent,101814,sedan,q5
36551,2010,audi,like new,120324,pickup,a6
16394,1995,bmw,new,215641,pickup,x5
74092,2004,nissan,new,217682,pickup,altima
8890,2012,chevrolet,like new,129921,hatchback,malibu
46606,2020,honda,good,4435,sedan,cr-v
15627,2022,honda,good,102505,suv,accord
13792,2002,bmw,new,54331,suv,3 series
78969,2015,chevrolet,new,161014,pickup,tahoe
48001,2022,bmw,like new,191707,sedan,x3
28897,2005,honda,good,161131,hatchback,civic
73148,2017,chevrolet,new,189629,pickup,equinox
28483,1996,hyundai,good,114457,coupe,sonata
53555,2002,nissan,new,53389,suv,altima
22159,2021,audi,excellent,54014,truck,a6
40920,2016,kia,fair,164898,pickup,sorento
72121,2002,toyota,excellent,31297,coupe,tacoma
74479,2011,nissan,new,44890,suv,altima
24457,2009,hyundai,fair,22322,hatchback,tucson
71557,2011,honda,fair,36739,sedan,cr-v
57995,2022,hyundai,new,141791,suv,elantra
45757,2017,bmw,new,80553,sedan,5 series
14692,2018,chevrolet,good,9314,sedan,silverado
50758,2007,audi,new,94831,hatchback,a6
77409,2013,mercedes,like new,76164,hatchback,c-class
76211,1999,bmw,new,108658,pickup,x5
70697,2006,nissan,like new,78028,pickup,altima
42065,1995,bmw,new,37113,suv,3 series
37606,2017,nissan,good,118174,hatchback,sentra
16534,1999,mercedes,like new,147429,coupe,gle
45397,2002,ford,excellent,230937,suv,f-150
6016,2007,audi,like new,21365,truck,q5
60591,2002,kia,good,40029,sedan,telluride
28247,2019,kia,like new,2737,sedan,sorento
29300,2017,toyota,new,132042,pickup,tacoma
79065,2005,hyundai,new,206704,coupe,santa fe
14268,1995,ford,good,86474,hatchback,focus
17185,2007,kia,fair,79218,hatchback,sorento
68704,2013,bmw,new,159571,pickup,x3
44099,2018,hyundai,excellent,242099,truck,sonata
13571,1997,ford,good,242474,suv,f-150
43044,2018,chevrolet,like new,129692,suv,malibu
56214,2011,chevrolet,like new,239502,coupe,malibu
66228,1999,hyundai,excellent,178229,pickup,sonata
53984,2014,nissan,new,188319,pickup,sentra
45774,2015,nissan,good,129411,truck,frontier
7568,2002,bmw,excellent,173106,suv,5 series
67592,2020,ford,new,1294,pickup,focus
72563,2008,ford,good,230144,hatchback,mustang
7695,1998,hyundai,like new,25596,coupe,sonata
53190,2005,honda,good,99185,suv,pilot
10258,2014,chevrolet,fair,12434,truck,equinox
44504,2009,ford,good,59382,coupe,mustang
38159,2013,hyundai,fair,39098,sedan,tucson
18986,2001,mercedes,good,5655,hatchback,gle
66858,2013,toyota,fair,84029,truck,camry
17666,2022,mercedes,like new,47228,coupe,gle
43660,2013,audi,new,4771,pickup,q7
8561,2005,bmw,fair,75099,sedan,5 series
31854,2020,ford,fair,121811,truck,f-150
69505,1999,audi,like new,188871,pickup,a4
57251,1999,kia,fair,63257,hatchback,optima
27662,2016,audi,excellent,18558,sedan,q5
13392,2002,hyundai,like new,231540,suv,elantra
35535,2004,ford,excellent,59436,pickup,f-150
57256,2000,toyota,like new,108779,coupe,rav4
40222,2009,hyundai,fair,125891,truck,santa fe
68335,2010,hyundai,excellent,224175,sedan,santa fe
15965,2022,bmw,fair,33376,pickup,x3
29538,2011,bmw,like new,219530,suv,x3
75592,2002,chevrolet,fair,78924,truck,equinox
13110,2002,chevrolet,excellent,30332,truck,malibu
32266,2019,nissan,excellent,132001,pickup,sentra
57992,2003,honda,fair,47737,suv,pilot
11910,1996,ford,good,131912,hatchback,explorer
5206,2009,ford,like new,90031,hatchback,explorer
28419,2012,audi,like new,206042,sedan,a4
55636,1997,ford,fair,184024,pickup,f-150
55015,2011,ford,good,21991,sedan,f-150
59268,1998,honda,excellent,28472,hatchback,pilot
23141,1998,kia,new,60946,truck,optima
76910,2008,chevrolet,new,237638,sedan,silverado
61044,2003,chevrolet,fair,158921,suv,silverado
72214,2003,toyota,good,2541,coupe,camry
38827,2019,ford,good,130237,hatchback,focus
60820,2020,honda,like new,3765,hatchback,pilot
67623,2017,chevrolet,excellent,44074,suv,equinox
27299,2012,honda,good,103795,sedan,cr-v
48585,2004,mercedes,new,161355,pickup,s-class
69044,2015,kia,excellent,102387,truck,sorento
47557,1998,ford,excellent,232233,coupe,mustang
54080,2006,toyota,fair,132841,pickup,tacoma
7693,2021,audi,good,149878,pickup,a4
74163,2002,chevrolet,fair,222590,suv,silverado
30939,1996,mercedes,good,3972,sedan,s-class
53925,2016,honda,like new,150328,hatchback,cr-v
47941,2007,bmw,fair,104903,hatchback,x5
26834,2015,hyundai,fair,150725,suv,sonata
23047,2010,ford,new,104579,sedan,focus
31105,2022,ford,fair,218741,suv,f-150
20707,1996,mercedes,good,40339,hatchback,e-class
26976,2005,honda,new,157829,pickup,accord
49262,2004,nissan,fair,104376,truck,frontier
28776,2009,ford,fair,43399,sedan,explorer
35080,2011,nissan,like new,45013,coupe,rogue
71842,2002,bmw,fair,229677,coupe,3 series
66373,2012,mercedes,excellent,146778,pickup,s-class
11776,2017,honda,new,170303,suv,accord
60016,2003,honda,excellent,28909,suv,civic
14474,2019,kia,new,237826,hatchback,sportage
63053,2002,hyundai,like new,208703,pickup,tucson
26959,2021,chevrolet,fair,189644,hatchback,silverado
10530,2008,chevrolet,fair,217951,hatchback,malibu
8748,2022,audi,fair,195839,coupe,q7
18545,2020,toyota,new,158541,hatchback,camry
71199,2019,mercedes,fair,133385,hatchback,c-class
39766,2012,bmw,excellent,139919,coupe,x3
78530,2016,honda,fair,182294,suv,pilot
66087,2014,hyundai,like new,206774,sedan,santa fe
73840,2014,nissan,excellent,142002,truck,rogue
59384,2015,mercedes,fair,4285,hatchback,s-class
56005,2006,audi,fair,124637,sedan,a6
51576,2013,mercedes,good,36863,coupe,c-class
44353,2008,audi,new,148776,sedan,q7
67003,2011,honda,excellent,150777,truck,pilot
57733,2018,toyota,good,132627,sedan,rav4
70318,2015,audi,like new,22323,sedan,a4
28664,1997,honda,new,71968,sedan,civic
72172,2020,honda,excellent,198994,sedan,cr-v
31736,2017,toyota,fair,54915,pickup,rav4
5854,2001,chevrolet,excellent,110543,hatchback,equinox
43623,2011,mercedes,fair,142691,coupe,e-class
12392,2006,ford,new,204462,truck,f-150
60680,2003,ford,fair,109500,coupe,f-150
51717,2009,nissan,like new,246409,pickup,altima
55859,2012,nissan,fair,191346,pickup,sentra
31309,2015,ford,like new,205245,pickup,explorer
68734,2007,bmw,new,153297,hatchback,5 series
75467,2015,ford,new,112266,pickup,explorer
57662,2002,nissan,excellent,27739,sedan,frontier
17688,2008,hyundai,like new,179780,coupe,tucson
30342,2002,nissan,like new,129041,suv,rogue
42157,2008,bmw,good,54019,truck,x3
72863,2001,mercedes,good,208226,pickup,gle
57083,2017,ford,good,234169,coupe,explorer
70733,2006,toyota,fair,8373,pickup,camry
39698,2005,hyundai,good,167353,hatchback,tucson
27671,2016,honda,like new,21187,pickup,civic
30184,2016,bmw,fair,68863,pickup,5 series
47107,2005,nissan,new,98927,pickup,sentra
56663,2019,toyota,excellent,239185,pickup,camry
20708,2016,audi,good,85085,truck,a4
54811,2022,chevrolet,new,118996,coupe,silverado
7811,2007,ford,like new,40220,hatchback,f-150
61250,2012,chevrolet,excellent,131503,pickup,malibu
77082,1996,bmw,new,8642,pickup,x5
39754,2015,audi,excellent,80971,pickup,a6
16411,2009,audi,good,56556,pickup,a6
7911,2014,audi,like new,165832,sedan,q5
72270,2021,honda,excellent,39192,sedan,civic
13680,2012,bmw,new,136453,suv,5 series
76295,2009,mercedes,good,228655,pickup,e-class
16111,2013,chevrolet,good,151630,suv,equinox
42504,2017,mercedes,new,31782,truck,e-class
6802,2018,toyota,new,5782,suv,corolla
13155,2006,kia,excellent,223489,coupe,telluride
78656,2007,hyundai,fair,186784,sedan,sonata
44384,2016,hyundai,good,237836,sedan,elantra
52254,2005,mercedes,excellent,227017,pickup,gle
26918,1999,kia,new,151534,pickup,sportage
65713,1995,kia,excellent,61030,truck,optima
35306,2018,ford,new,200591,hatchback,explorer
21646,1997,toyota,like new,57411,truck,camry
51843,2016,bmw,new,187278,coupe,x3
21371,2013,kia,new,98469,pickup,sorento
7049,2017,nissan,new,47950,pickup,rogue
36616,2001,hyundai,fair,134595,truck,sonata
25932,2006,nissan,new,192998,truck,altima
34855,2009,toyota,good,141749,truck,rav4
66434,2019,kia,good,207900,sedan,optima
77694,1999,chevrolet,excellent,147161,suv,silverado
48016,2009,hyundai,fair,136653,suv,elantra
12400,2002,ford,excellent,143979,pickup,f-150
47642,2004,ford,good,137681,sedan,mustang
20151,2020,audi,good,183225,truck,q5
56407,2010,honda,like new,51539,pickup,cr-v
71690,2002,kia,new,176215,sedan,sportage
9499,1995,toyota,good,23936,coupe,corolla
11295,2006,hyundai,excellent,51182,hatchback,sonata
64040,1999,honda,excellent,240333,sedan,accord
17183,1997,toyota,new,112259,pickup,tacoma
34299,1995,mercedes,new,231596,suv,e-class
17874,1998,kia,like new,96042,truck,optima
37711,2002,bmw,fair,14163,hatchback,x5
10539,1997,bmw,excellent,191830,coupe,5 series
58351,2004,kia,new,178129,hatchback,sportage
66267,1996,audi,excellent,144609,hatchback,a4
53354,2005,audi,new,23419,sedan,a4
7557,2019,bmw,good,174650,pickup,x5
43360,2004,chevrolet,excellent,207063,pickup,tahoe
7200,2015,hyundai,good,122211,hatchback,tucson
73497,2008,bmw,excellent,123762,truck,x3
51975,2001,chevrolet,fair,206671,pickup,silverado
26357,2021,honda,like new,1834,hatchback,cr-v
7869,2021,chevrolet,good,33214,pickup,equinox
66135,1996,honda,new,225006,truck,accord
55108,2003,toyota,fair,232100,coupe,tacoma
43467,2010,nissan,excellent,3413,hatchback,frontier
28328,2007,toyota,good,10505,suv,corolla
8987,2003,bmw,excellent,103802,suv,x3
63871,2014,honda,excellent,134177,hatchback,civic
27399,1998,bmw,excellent,200176,sedan,x5
51214,2016,kia,like new,129303,coupe,telluride
75271,2004,hyundai,like new,239706,sedan,santa fe
49064,2020,ford,new,115897,suv,explorer
75091,2020,bmw,good,59408,truck,x3
45818,2016,hyundai,fair,169751,hatchback,tucson
50525,2006,chevrolet,fair,117908,pickup,malibu
24830,2011,toyota,fair,246993,suv,rav4
22429,2008,chevrolet,excellent,231168,coupe,malibu
11893,2008,ford,like new,80731,suv,mustang
52333,2019,honda,good,244277,coupe,civic
8436,1996,kia,excellent,66131,coupe,sorento
79290,2015,hyundai,like new,65280,hatchback,santa fe
10895,2019,kia,like new,16762,coupe,telluride
24738,2014,nissan,good,118798,sedan,altima
35746,2005,bmw,good,117854,truck,3 series
54377,2010,honda,good,238902,suv,cr-v
53404,2013,nissan,excellent,59703,truck,sentra
59045,2017,mercedes,new,213506,pickup,gle
44790,2000,bmw,good,64079,suv,5 series
10600,2018,chevrolet,new,22577,truck,equinox
45764,2013,toyota,excellent,2214,truck,corolla
79543,1999,hyundai,new,87339,hatchback,tucson
50714,2020,ford,fair,49114,hatchback,explorer
61835,1998,ford,new,221306,pickup,explorer
78744,2009,chevrolet,good,64230,coupe,equinox
61491,1998,audi,excellent,165052,suv,q5
23589,2014,ford,good,68194,hatchback,explorer
48484,2004,hyundai,fair,209878,suv,sonata
41212,2018,chevrolet,good,113333,pickup,silverado
48525,2016,honda,good,38792,hatchback,pilot
52202,1997,ford,good,46807,hatchback,f-150
37635,2020,kia,like new,126266,coupe,telluride
68208,1999,chevrolet,fair,154373,suv,silverado
38828,2000,hyundai,good,137213,suv,elantra
23711,2015,kia,good,248554,suv,sorento
8420,2016,bmw,good,105292,coupe,x5
5301,2002,bmw,excellent,123984,hatchback,3 series
50236,2001,ford,like new,14777,pickup,focus
71235,2015,kia,excellent,39346,suv,sorento
59240,2004,toyota,like new,55703,truck,tacoma
70726,2000,bmw,good,95977,coupe,5 series
15492,2008,toyota,fair,48819,sedan,camry
11102,1998,honda,new,160541,pickup,pilot
55336,2022,chevrolet,new,135917,truck,malibu
31641,2019,nissan,good,111186,suv,frontier
39584,2007,hyundai,excellent,24290,sedan,elantra
37745,2014,chevrolet,fair,113551,pickup,equinox
28093,2011,hyundai,like new,162771,coupe,sonata
71105,2017,kia,good,176324,sedan,optima
56885,2001,honda,fair,99682,hatchback,accord
41631,1998,mercedes,fair,135365,sedan,gle
77991,2008,ford,like new,119017,truck,focus
9014,1997,hyundai,fair,120496,pickup,santa fe
16093,2018,hyundai,excellent,242006,truck,santa fe
23070,1999,kia,excellent,58089,truck,sportage
40777,2010,toyota,excellent,244036,suv,camry
61958,2020,chevrolet,fair,148680,coupe,silverado
15729,2017,mercedes,excellent,129713,sedan,gle
50017,2014,audi,like new,198345,pickup,q7
71320,1998,ford,fair,17619,hatchback,focus
32751,2018,nissan,new,79006,coupe,sentra
59748,2018,audi,fair,247471,coupe,q5
10801,1996,chevrolet,like new,219980,pickup,tahoe
24190,2012,ford,new,213725,coupe,mustang
54689,2013,hyundai,fair,15779,suv,elantra
55993,2022,nissan,excellent,183112,coupe,rogue
34592,2022,toyota,good,226902,suv,rav4
15647,2013,mercedes,good,188397,sedan,s-class
13716,2011,toyota,excellent,248019,sedan,corolla
75316,2008,honda,good,22630,truck,cr-v
7368,2013,kia,good,106575,suv,optima
11655,2016,ford,excellent,116436,hatchback,f-150
75031,2018,toyota,excellent,144250,sedan,tacoma
60766,2007,audi,fair,152007,coupe,a6
18403,2006,kia,fair,179330,pickup,telluride
37097,2020,toyota,excellent,23784,pickup,corolla
15966,2000,bmw,like new,195794,suv,3 series
57921,2015,honda,good,155099,hatchback,cr-v
54726,1998,chevrolet,fair,228616,truck,malibu
55300,2013,mercedes,good,189925,coupe,c-class
27677,2010,honda,new,113167,suv,cr-v
60609,2007,kia,excellent,68359,pickup,optima
61661,1998,bmw,like new,204460,suv,5 series
36024,2017,ford,new,79608,coupe,mustang
75313,2011,audi,new,208741,hatchback,q5
58006,2017,mercedes,new,16111,hatchback,s-class
20338,1995,mercedes,excellent,164384,sedan,gle
73027,2012,honda,fair,25161,coupe,accord
24508,2014,kia,excellent,119920,sedan,sportage
8051,2011,ford,fair,105823,sedan,explorer
53747,2021,hyundai,new,126014,sedan,sonata
59021,2022,bmw,new,131466,suv,5 series
71412,2021,hyundai,like new,68313,pickup,santa fe
63335,2009,audi,fair,182446,hatchback,a6
61179,2005,ford,new,156086,suv,explorer
37093,2019,ford,good,81308,pickup,explorer
74678,2022,bmw,like new,47389,hatchback,x3
44734,2016,nissan,excellent,242235,coupe,sentra
77615,2007,hyundai,like new,150233,hatchback,santa fe
78523,1995,toyota,good,108800,hatchback,rav4
22019,2011,mercedes,fair,139562,hatchback,gle
78847,2000,nissan,excellent,120547,truck,altima
33251,1998,toyota,excellent,239269,coupe,tacoma
30945,2014,kia,fair,25502,suv,optima
37217,2010,bmw,like new,36757,suv,x5
13308,2009,kia,new,42111,pickup,optima
10949,2021,mercedes,like new,99273,suv,gle
56990,2009,chevrolet,good,215317,sedan,silverado
6150,2000,toyota,new,59645,hatchback,camry
79740,2009,nissan,like new,111218,suv,sentra
71617,2008,toyota,fair,60055,pickup,rav4
21896,2022,toyota,good,120815,pickup,tacoma
51175,2005,bmw,good,141070,sedan,5 series
12805,2001,kia,good,160978,pickup,sorento
10237,2003,hyundai,new,102026,truck,santa fe
25056,2020,chevrolet,excellent,71192,hatchback,malibu
50543,2010,bmw,new,182549,hatchback,x3
61556,1999,audi,like new,168973,hatchback,a6
8343,2019,bmw,excellent,223343,coupe,x3
18500,2014,mercedes,like new,53021,suv,e-class
58222,2004,chevrolet,excellent,30092,truck,malibu
34375,2012,ford,new,133314,suv,explorer
14662,1997,audi,good,107843,truck,a4
21964,2007,honda,fair,133903,suv,cr-v
64638,2005,bmw,good,51721,sedan,3 series
78666,2011,toyota,new,29511,pickup,camry
72215,2016,hyundai,excellent,73782,pickup,sonata
74042,2007,ford,good,98003,sedan,mustang
18284,2000,bmw,new,150374,truck,x3
77789,2011,bmw,like new,56568,coupe,x5
66389,2021,nissan,fair,135304,truck,frontier
14435,2007,nissan,good,103062,pickup,rogue
59340,2013,ford,excellent,105301,coupe,explorer
49078,2015,kia,like new,52507,suv,telluride
56293,2013,nissan,new,125277,coupe,rogue
65403,2004,toyota,fair,130999,truck,corolla
34124,1997,audi,excellent,208580,sedan,a4
48919,2008,honda,new,245744,suv,accord
40247,2020,chevrolet,new,101128,truck,equinox
67752,2013,honda,good,11683,suv,cr-v
61573,1999,honda,good,24664,coupe,pilot
64101,1999,chevrolet,excellent,103364,pickup,tahoe
31646,2014,nissan,new,165244,truck,frontier
28049,2011,ford,good,215713,sedan,focus
73385,2015,chevrolet,fair,65340,coupe,equinox
45158,2004,mercedes,fair,88236,truck,c-class
70417,1999,kia,new,12017,sedan,telluride
28289,1998,audi,good,37613,truck,a4
14823,2000,hyundai,excellent,218202,coupe,santa fe
65160,2020,nissan,excellent,208992,truck,rogue
46975,1998,kia,excellent,31348,suv,telluride
14540,2001,chevrolet,fair,148520,coupe,malibu
21364,2001,mercedes,good,10491,truck,c-class
9611,2012,hyundai,good,210720,pickup,elantra
32663,1997,audi,fair,122070,truck,q5
56991,1995,audi,excellent,228629,suv,q7
62679,2018,nissan,excellent,59759,sedan,altima
35977,2019,chevrolet,new,176625,sedan,silverado
54115,1998,kia,like new,133040,sedan,optima
65890,2000,ford,good,1368,pickup,focus
71387,2003,kia,good,206032,suv,optima
23071,2016,kia,good,36010,coupe,sportage
64275,2008,audi,like new,186226,sedan,q5
77369,2022,ford,new,36851,suv,explorer
16938,2006,ford,like new,123761,truck,focus
40195,2022,nissan,excellent,157568,pickup,altima
9000,2019,hyundai,excellent,128152,suv,santa fe
75588,2014,bmw,good,163008,suv,x3
43304,2018,honda,fair,79858,coupe,pilot
74449,2019,honda,good,68005,suv,accord
25764,1998,audi,fair,38493,coupe,q5
43494,2015,bmw,like new,201867,pickup,x3
8373,2018,hyundai,excellent,168462,pickup,elantra
17161,2006,bmw,fair,11292,truck,5 series
32350,2004,nissan,like new,93377,coupe,rogue
30351,2016,kia,excellent,160437,coupe,optima
20305,2022,audi,fair,149279,sedan,q7
70953,2001,ford,good,102735,sedan,explorer
62458,1997,audi,good,23912,truck,a4
25358,2017,honda,good,234527,pickup,pilot
8267,2022,hyundai,like new,234589,hatchback,elantra
43513,2008,bmw,good,81771,sedan,x3
31092,2018,hyundai,new,188644,suv,elantra
16338,2004,nissan,excellent,108293,pickup,frontier
5412,2010,audi,like new,100083,hatchback,a4
12543,2010,chevrolet,good,114655,suv,tahoe
38496,2016,audi,excellent,241418,coupe,a4
65692,2004,ford,fair,151348,pickup,focus
49425,2019,audi,good,98459,truck,a4
43756,2007,mercedes,excellent,137606,coupe,e-class
23888,2000,nissan,new,224077,coupe,sentra
40735,2006,toyota,fair,233682,suv,tacoma
52295,2003,nissan,new,167742,coupe,altima
22955,2007,bmw,excellent,194219,sedan,3 series
42841,1998,toyota,new,230171,pickup,tacoma
75640,2018,bmw,excellent,112695,sedan,x3
70510,2005,bmw,excellent,168558,suv,x3
39911,2014,ford,new,197629,hatchback,explorer
64031,2012,ford,excellent,35268,suv,f-150
12357,2020,kia,good,108338,pickup,sorento
37479,2005,honda,excellent,213407,coupe,pilot
66476,2019,kia,like new,27336,truck,telluride
49811,2015,kia,excellent,4641,suv,telluride
41208,1998,honda,like new,88132,pickup,accord
25150,2012,chevrolet,excellent,33959,truck,tahoe
76180,1995,toyota,excellent,145378,coupe,rav4
48286,2021,hyundai,new,178254,hatchback,elantra
73450,2001,kia,good,75123,suv,optima
26352,2000,audi,good,188398,hatchback,q7
60069,2009,audi,fair,228967,pickup,q5
19397,2012,bmw,new,22498,hatchback,x3
46555,2018,honda,new,71198,hatchback,pilot
51959,2005,bmw,good,234702,pickup,x3
5728,2014,mercedes,new,239441,pickup,gle
55517,2018,mercedes,good,28197,suv,gle
71234,2009,hyundai,new,152791,hatchback,elantra
44954,2010,ford,excellent,222273,truck,explorer
52280,2001,ford,good,109775,pickup,mustang
21779,2015,honda,good,26032,coupe,pilot
68932,2004,honda,like new,60624,hatchback,accord
77936,2020,kia,new,79177,pickup,sorento
29466,2006,mercedes,new,42964,truck,s-class
41939,2018,kia,good,162100,suv,telluride
74896,2008,ford,excellent,112030,hatchback,f-150
40270,2019,toyota,excellent,55646,pickup,camry
64163,1999,toyota,excellent,82187,pickup,rav4
56934,2020,honda,new,140608,coupe,pilot
69895,2015,bmw,like new,118399,coupe,5 series
37307,2012,ford,good,57747,hatchback,explorer
59098,1999,toyota,fair,46712,pickup,corolla
65921,1997,ford,like new,138345,hatchback,mustang
10486,2017,nissan,fair,72820,pickup,sentra
13335,2020,audi,like new,126342,coupe,q5
16130,1999,mercedes,excellent,92228,truck,c-class
65566,2018,kia,new,75353,sedan,optima
71703,2011,ford,fair,226563,sedan,focus
32192,2013,audi,like new,93091,pickup,q7
6062,2013,nissan,new,86914,coupe,altima
26545,2019,kia,fair,182902,suv,telluride
26689,2015,ford,good,107718,suv,focus
16174,2006,honda,like new,149199,sedan,cr-v
14348,2019,audi,good,247222,truck,a4
28714,2003,kia,excellent,215560,sedan,optima
43102,1995,ford,good,12539,pickup,f-150
79460,2012,audi,good,178833,truck,a6
11801,2015,nissan,like new,47219,suv,sentra
77267,1998,ford,excellent,146764,coupe,mustang
53136,2004,ford,good,215728,coupe,focus
28625,2019,ford,new,14334,pickup,f-150
77592,2001,hyundai,fair,160687,sedan,sonata
49261,2016,honda,good,8903,pickup,accord
6542,2017,nissan,excellent,160599,coupe,altima
26677,1995,kia,good,147701,suv,sportage
51732,2011,hyundai,fair,59008,coupe,sonata
55343,2018,bmw,excellent,215348,truck,5 series
44081,1996,hyundai,like new,100318,hatchback,santa fe
67856,2022,mercedes,excellent,158780,coupe,e-class
24065,2020,mercedes,like new,142932,coupe,s-class
59693,2005,ford,excellent,149510,hatchback,focus
31962,2003,hyundai,fair,68300,truck,santa fe
33295,2001,bmw,fair,130263,sedan,x3
18807,2016,hyundai,excellent,203617,coupe,tucson
47348,2011,honda,good,21842,pickup,civic
31432,2011,honda,fair,192285,coupe,accord
62854,1996,bmw,like new,43372,pickup,x3
45262,2000,hyundai,like new,115316,truck,tucson
42080,2008,audi,new,99971,coupe,a6
6324,2000,honda,like new,200978,truck,accord
40909,1996,honda,new,39744,truck,civic
24870,1995,toyota,excellent,117082,sedan,corolla
39578,2004,hyundai,excellent,58442,coupe,sonata
77124,2015,honda,excellent,130070,pickup,cr-v
31790,1999,nissan,good,86990,pickup,altima
30289,1996,hyundai,good,122670,coupe,sonata
60129,2016,mercedes,new,107917,hatchback,e-class
20485,2010,toyota,like new,235975,sedan,rav4
49482,2019,honda,like new,4650,sedan,accord
9748,1996,toyota,excellent,46117,sedan,camry
14435,2004,mercedes,fair,92244,pickup,c-class
8709,1996,bmw,good,240270,truck,x5
35355,2010,bmw,good,184844,hatchback,x5
60771,2010,hyundai,excellent,4190,sedan,elantra
62799,2013,mercedes,good,49113,pickup,e-class
18116,2001,chevrolet,excellent,140861,pickup,silverado
30470,2016,chevrolet,new,33125,truck,silverado
47344,2006,hyundai,like new,230767,coupe,tucson
47918,2018,ford,fair,131000,coupe,f-150
57224,2009,toyota,like new,149531,sedan,rav4
44298,2002,toyota,like new,167490,sedan,rav4
66629,2000,bmw,new,112904,hatchback,5 series
71040,2022,chevrolet,good,179157,truck,malibu
33016,2021,kia,fair,19768,sedan,sportage
28960,2004,honda,good,182033,truck,pilot
38591,1997,honda,like new,82099,pickup,pilot
72641,2013,honda,excellent,159957,sedan,cr-v
41395,2011,bmw,like new,88421,pickup,3 series
27700,2001,mercedes,good,193154,suv,c-class
39620,2015,audi,like new,7895,truck,q7
25559,2014,chevrolet,excellent,182383,suv,malibu
66642,2020,chevrolet,new,221566,sedan,silverado
26732,1998,kia,good,199139,pickup,sorento
35354,2008,toyota,like new,72017,sedan,corolla
18843,2014,ford,good,24932,suv,focus
76726,2016,hyundai,new,22360,sedan,santa fe
22640,2009,toyota,like new,55847,hatchback,tacoma
57528,2018,mercedes,like new,241250,coupe,s-class
43413,2002,hyundai,good,91365,suv,santa fe
57638,2015,chevrolet,good,86468,sedan,malibu
57736,2009,mercedes,excellent,39931,pickup,gle
73866,2016,hyundai,new,56823,sedan,sonata
24087,2014,kia,excellent,39032,pickup,sportage
46430,2022,kia,like new,247991,coupe,sorento
29504,2008,nissan,good,213498,sedan,altima
12114,2021,audi,like new,19807,coupe,a4
15975,2003,kia,like new,143839,suv,optima
16023,2002,chevrolet,fair,140143,pickup,equinox
26447,2020,ford,fair,54413,hatchback,focus
28959,2022,honda,like new,158221,suv,cr-v
71203,2020,nissan,good,16540,pickup,altima
34703,2011,honda,like new,233284,coupe,accord
14337,1996,audi,fair,71248,truck,a6
51427,2019,hyundai,good,223809,sedan,tucson
66529,2018,bmw,like new,111494,coupe,x5
36921,1997,kia,new,86435,pickup,optima
38307,2002,ford,new,20787,pickup,focus
32355,2006,audi,like new,21982,pickup,q5
9835,1995,honda,good,23606,pickup,civic
25159,2004,nissan,like new,142222,sedan,frontier
52605,2014,kia,like new,218001,suv,sorento
43088,1997,chevrolet,fair,249495,hatchback,tahoe
60284,2000,kia,new,234867,truck,sportage
62043,2001,nissan,fair,113223,sedan,rogue
40547,2014,nissan,fair,47936,pickup,frontier
32532,2017,bmw,like new,94286,sedan,x3
39349,2019,kia,fair,140665,coupe,telluride
50445,2021,kia,new,149430,hatchback,telluride
10713,2012,bmw,fair,214215,pickup,x3
61178,2005,mercedes,new,38381,truck,gle
54407,2013,mercedes,fair,122465,pickup,e-class
75340,1999,hyundai,new,222419,hatchback,sonata
55990,2013,mercedes,fair,29074,truck,s-class
70545,2005,toyota,fair,152667,hatchback,corolla
63141,2018,kia,good,45194,truck,sorento
28793,2006,ford,new,181449,suv,mustang
61570,2004,kia,new,27853,suv,sorento
42892,2002,toyota,new,74719,sedan,camry
6015,2018,toyota,excellent,152733,sedan,rav4
66813,2022,honda,fair,182565,truck,pilot
32712,2022,kia,new,119724,pickup,telluride
13415,2003,audi,excellent,238777,coupe,q5
67292,1998,toyota,good,168567,coupe,tacoma
28833,1999,ford,new,14703,pickup,explorer
9158,2015,bmw,new,185152,pickup,3 series
67680,2002,hyundai,excellent,162887,suv,santa fe
25309,2017,honda,fair,161637,coupe,accord
11970,2003,bmw,good,195393,truck,x3
77474,2009,honda,new,118491,hatchback,pilot
51540,2009,ford,fair,59453,sedan,focus
25384,2010,nissan,good,89478,hatchback,rogue
23017,2008,kia,like new,240594,suv,sportage
13702,2002,chevrolet,like new,34161,coupe,silverado
5384,2012,audi,good,188063,pickup,a4
5404,2004,bmw,excellent,115296,coupe,x3
45943,2022,kia,good,239411,truck,sportage
52926,2014,audi,good,141788,suv,q7
34189,2000,nissan,excellent,239171,pickup,frontier
17763,2006,chevrolet,excellent,34349,hatchback,silverado
23384,1996,audi,fair,48098,truck,a6
65100,2001,audi,fair,109435,hatchback,q7
14860,2010,bmw,excellent,132204,sedan,5 series
55612,1997,mercedes,like new,52990,suv,s-class
28574,2007,chevrolet,like new,245360,truck,malibu
28524,1997,kia,good,69921,truck,sportage
74172,2021,nissan,new,168610,hatchback,frontier
15916,2012,chevrolet,good,101572,pickup,silverado
9809,2005,ford,good,231351,sedan,f-150
37201,2002,mercedes,new,237981,hatchback,gle
58330,2000,ford,excellent,8213,truck,focus
18456,1995,nissan,like new,125693,suv,altima
61397,2022,bmw,good,176295,truck,5 series
43765,1995,bmw,new,92655,coupe,x3
39816,2017,nissan,fair,69371,suv,sentra
50106,2002,honda,good,69274,suv,pilot
58932,1999,nissan,like new,108853,truck,frontier
22100,2022,mercedes,excellent,5134,pickup,s-class
62091,2010,toyota,good,92428,suv,rav4
26949,2005,bmw,good,40601,coupe,x5
75080,1999,hyundai,new,74889,hatchback,sonata
42744,1998,mercedes,fair,16690,pickup,e-class
50543,2000,mercedes,fair,2909,pickup,e-class
41187,2008,mercedes,excellent,92239,pickup,gle
12239,2016,audi,like new,81032,suv,q7
19489,2013,mercedes,excellent,13062,pickup,gle
63017,2003,bmw,good,76386,truck,5 series
66877,2006,toyota,good,225309,pickup,corolla
48125,2005,toyota,fair,166803,coupe,corolla
54922,2008,mercedes,like new,137225,sedan,e-class
37049,2017,ford,new,142553,coupe,focus
42131,2010,bmw,like new,100270,suv,5 series
47944,1995,bmw,good,67425,pickup,x3
78963,2007,chevrolet,new,195672,pickup,silverado
29285,2017,kia,like new,85981,truck,sorento
42626,2015,honda,like new,204069,hatchback,accord
47808,2015,honda,new,105470,pickup,pilot
58871,2007,ford,good,160277,coupe,f-150
24198,1996,honda,like new,89887,suv,civic
24758,1998,chevrolet,new,82542,sedan,tahoe
20254,2022,nissan,good,176221,pickup,sentra
49238,2000,honda,new,50112,sedan,pilot
6252,2020,bmw,new,143012,pickup,x3
44764,2021,nissan,like new,60010,suv,sentra
42441,2017,honda,good,208866,hatchback,accord
58682,2021,bmw,like new,25485,coupe,3 series
64494,1999,bmw,excellent,90299,suv,3 series
70215,2019,mercedes,excellent,106584,sedan,s-class
11949,1997,toyota,good,133139,pickup,camry
60393,1995,ford,new,21607,sedan,explorer
78553,1998,chevrolet,like new,241491,coupe,tahoe
11941,2019,audi,like new,62597,suv,a6
30934,2014,kia,good,75554,sedan,sorento
28386,1996,honda,good,180593,sedan,civic
66886,2020,honda,excellent,244554,coupe,pilot
58413,1999,nissan,fair,16187,pickup,rogue
61800,1997,nissan,good,234983,sedan,altima
47318,2022,kia,fair,4985,coupe,sorento
75173,2003,honda,good,175124,pickup,civic
75390,2014,hyundai,new,151635,hatchback,sonata
57329,2000,chevrolet,new,179394,pickup,silverado
48088,2012,honda,excellent,234914,hatchback,accord
44811,2000,toyota,excellent,193317,suv,tacoma
60479,2013,kia,fair,52514,coupe,sportage
24963,2022,hyundai,good,19608,pickup,elantra
60123,2006,chevrolet,like new,236747,hatchback,silverado
78477,2019,honda,excellent,199334,hatchback,accord
19388,2005,audi,like new,224190,suv,q7
10569,1996,mercedes,like new,72327,truck,gle
74836,2009,toyota,good,189297,coupe,corolla
41586,2006,audi,fair,206066,truck,a4
17015,2006,nissan,good,18221,pickup,sentra
50002,2003,nissan,excellent,49506,coupe,rogue
11254,2015,honda,like new,21968,suv,accord
22144,2018,nissan,good,128677,pickup,rogue
29214,1996,toyota,good,214678,coupe,camry
76774,2016,chevrolet,good,160009,coupe,tahoe
11090,1997,bmw,excellent,194507,truck,x5
16637,2006,ford,fair,181580,pickup,mustang
27415,2022,kia,good,173903,suv,sorento
29071,2020,chevrolet,excellent,175005,suv,silverado
63243,2010,bmw,like new,179379,pickup,3 series
46240,2015,hyundai,new,180412,pickup,elantra
38434,2022,toyota,excellent,103951,hatchback,rav4
74724,2018,audi,new,109306,sedan,a4
33732,2020,bmw,good,218410,truck,x5
16314,1995,toyota,good,44601,pickup,tacoma
28954,2015,mercedes,excellent,208028,pickup,gle
62108,1997,audi,new,73178,sedan,q5
41668,2014,nissan,good,217383,sedan,rogue
28061,1996,nissan,like new,160826,coupe,frontier
44749,2003,audi,fair,175382,suv,a6
21907,2013,hyundai,fair,70893,truck,elantra
23777,2009,hyundai,good,87799,coupe,tucson
56745,2012,hyundai,new,49367,pickup,tucson
28624,2020,bmw,good,14201,sedan,x3
28321,2005,kia,new,134811,hatchback,sportage
15488,2019,bmw,like new,14231,suv,x5
27574,2017,honda,new,239886,coupe,accord
10240,2010,ford,good,174567,hatchback,explorer
48221,2016,audi,like new,153240,suv,a6
15478,2011,chevrolet,excellent,164696,hatchback,malibu
60645,1999,ford,fair,142707,sedan,mustang
24262,2006,mercedes,good,10964,coupe,gle
57796,2005,bmw,good,159857,coupe,3 series
9432,2009,bmw,good,227118,suv,3 series
69291,2021,toyota,like new,214869,hatchback,tacoma
64399,1997,ford,excellent,216862,sedan,mustang
55428,1995,toyota,new,209000,pickup,rav4
5302,2014,chevrolet,excellent,13336,coupe,malibu
5055,2010,toyota,like new,78475,pickup,camry
13717,1996,ford,good,159484,sedan,explorer
33699,1996,audi,fair,83212,coupe,q7
78686,1997,mercedes,good,76379,coupe,s-class
72661,2002,bmw,new,46591,hatchback,x3
49247,2018,chevrolet,fair,62750,pickup,silverado
21748,2022,bmw,good,91648,hatchback,x5
9621,2009,honda,fair,97134,truck,cr-v
20034,2001,mercedes,excellent,167526,pickup,e-class
10126,2000,kia,like new,99537,pickup,optima
10122,2003,toyota,good,63672,truck,rav4
23030,2014,nissan,new,28228,sedan,altima
60658,2022,ford,excellent,15429,sedan,focus
43638,1995,bmw,good,85294,coupe,5 series
72067,2002,toyota,excellent,199880,suv,corolla
39674,2017,chevrolet,new,214958,hatchback,silverado
40854,2017,bmw,good,116577,suv,5 series
51271,1997,kia,new,185087,coupe,optima
78688,1998,mercedes,fair,89074,suv,e-class
43518,2020,mercedes,new,69936,pickup,s-class
15267,2019,bmw,fair,212979,pickup,5 series
6062,2009,chevrolet,good,58378,truck,equinox
55448,2000,mercedes,fair,38310,truck,s-class
11229,2009,mercedes,good,102827,coupe,e-class
61793,2015,kia,good,215755,coupe,optima
52915,1997,ford,like new,200899,coupe,explorer
9632,2019,chevrolet,good,167328,pickup,equinox
8596,2015,chevrolet,fair,208500,suv,silverado
11168,2015,audi,like new,100862,hatchback,q5
12561,2008,audi,like new,235066,coupe,a4
78794,2014,mercedes,good,39889,coupe,c-class
31734,2008,nissan,new,52428,pickup,rogue
11371,1998,audi,new,111502,hatchback,a4
31069,2006,mercedes,like new,169279,pickup,c-class
17910,2011,hyundai,good,51255,hatchback,elantra
78479,2001,honda,new,106824,pickup,accord
28275,2003,honda,good,223603,suv,cr-v
77274,1997,chevrolet,good,6409,coupe,tahoe
65004,2022,nissan,like new,43438,sedan,frontier
67981,2007,kia,like new,242482,sedan,sportage
59553,2009,ford,excellent,242310,coupe,focus
53447,2012,audi,new,227431,coupe,q5
39529,2013,hyundai,new,8869,coupe,santa fe
22260,1995,mercedes,new,233332,coupe,gle
8812,2000,nissan,fair,188934,hatchback,altima
33024,2021,chevrolet,good,220009,suv,equinox
63656,2021,audi,like new,26958,sedan,q7
32285,2017,nissan,new,208374,truck,frontier
6605,2021,audi,excellent,151840,sedan,q7
76158,2021,ford,new,228402,sedan,focus
77303,1996,ford,good,158217,pickup,mustang
32139,2018,kia,good,76622,coupe,sportage
61138,2008,honda,like new,240811,coupe,cr-v
18918,2000,toyota,fair,27442,coupe,rav4
32446,2008,toyota,like new,82948,pickup,tacoma
18046,1998,audi,new,26596,suv,q7
29818,2015,kia,excellent,76791,suv,telluride
9324,2002,toyota,like new,43406,truck,rav4
14111,1997,chevrolet,fair,41524,suv,tahoe
43110,2013,toyota,like new,155404,suv,camry
21389,2008,bmw,good,111160,coupe,5 series
46427,2021,mercedes,new,147836,hatchback,c-class
33746,2014,kia,new,159635,sedan,telluride
5117,2011,chevrolet,new,219747,suv,malibu
18234,2019,nissan,new,168442,suv,altima
58441,2002,chevrolet,new,6062,pickup,equinox
5846,2018,honda,new,45645,truck,civic
15954,2008,nissan,excellent,123759,hatchback,sentra
51514,2020,hyundai,fair,8244,pickup,sonata
11469,2000,mercedes,new,138444,coupe,c-class
35105,2017,mercedes,fair,237481,sedan,e-class
47101,2016,mercedes,new,86501,truck,c-class
69323,2010,mercedes,like new,118450,pickup,e-class
63067,2019,audi,new,196543,suv,a6
54376,2013,mercedes,good,242605,suv,gle
50587,2008,mercedes,excellent,17956,truck,gle
41976,2013,mercedes,like new,172545,suv,e-class
72584,1997,kia,like new,145966,pickup,optima
47533,2004,audi,good,242656,pickup,q7
6828,2013,ford,new,230990,suv,explorer
6917,2003,chevrolet,excellent,201658,suv,malibu
25618,2022,chevrolet,like new,17709,coupe,malibu
37254,2014,nissan,excellent,213330,sedan,altima
52362,2007,kia,like new,119428,truck,telluride
25128,2001,bmw,new,16210,pickup,x3
64383,2008,chevrolet,like new,181582,truck,silverado
70545,2003,toyota,like new,103081,coupe,corolla
14865,2021,bmw,fair,170746,pickup,3 series
7219,2022,mercedes,new,101025,coupe,e-class
44809,2017,mercedes,good,149805,coupe,e-class
10287,2019,audi,good,152152,hatchback,a6
39387,2022,bmw,new,234272,suv,x3
13512,2013,toyota,good,185484,hatchback,tacoma
6342,2009,audi,new,125476,truck,q5
68076,2014,nissan,good,191043,truck,rogue
24216,2008,bmw,fair,171781,suv,3 series
31614,2018,kia,good,60846,hatchback,telluride
41258,2000,mercedes,like new,66480,truck,gle
47078,2015,mercedes,new,243840,hatchback,e-class
17219,1998,honda,excellent,53960,suv,cr-v
5235,2002,audi,excellent,235622,pickup,a4
47929,2011,ford,new,173224,coupe,f-150
72444,2003,ford,fair,159322,coupe,f-150
13567,1995,audi,good,86765,hatchback,q7
75792,2018,kia,fair,118265,truck,telluride
70441,2014,hyundai,excellent,49137,hatchback,elantra
78698,2019,audi,new,214083,hatchback,a4
10415,2008,kia,new,119922,sedan,optima
41159,2005,nissan,fair,122280,coupe,frontier
48925,2015,mercedes,fair,178484,suv,gle
10951,1997,toyota,good,44876,hatchback,camry
13007,2003,hyundai,like new,95547,sedan,tucson
46832,2021,bmw,like new,205736,sedan,5 series
63596,2008,hyundai,good,51227,coupe,elantra
35523,2003,toyota,like new,164522,coupe,camry
20524,1998,honda,excellent,85433,coupe,pilot
24282,2021,mercedes,like new,74704,suv,c-class
28930,1998,ford,good,7861,sedan,mustang
5077,2022,kia,like new,239366,truck,optima
25611,2002,audi,new,62914,suv,a4
21984,1996,audi,fair,64888,pickup,q5
19060,2003,ford,excellent,80286,hatchback,explorer
48303,2008,hyundai,new,62293,coupe,santa fe
64207,2016,mercedes,new,214596,sedan,e-class
34287,2003,chevrolet,good,69515,hatchback,silverado
44711,2018,kia,fair,155596,suv,optima
16954,2017,nissan,fair,8065,pickup,rogue
78340,2010,toyota,excellent,169756,suv,tacoma
77101,2011,hyundai,good,89720,suv,tucson
76520,2010,bmw,excellent,165437,truck,x3
23574,2006,honda,like new,59876,hatchback,civic
14184,1997,audi,new,155776,truck,q7
24096,2005,hyundai,excellent,189929,suv,tucson
72728,2008,honda,new,137694,pickup,accord
39016,2012,toyota,good,84797,sedan,corolla
16246,2015,audi,like new,242540,sedan,a6
50558,2015,audi,good,226027,hatchback,q5
23381,1999,chevrolet,like new,232075,coupe,tahoe
41455,2010,hyundai,like new,92141,coupe,santa fe
9018,2014,mercedes,new,226779,sedan,e-class
16302,1999,ford,good,219772,suv,focus
72506,1997,ford,good,247476,suv,focus
46157,2006,nissan,excellent,243805,truck,frontier
59917,1995,bmw,good,211404,hatchback,x5
29519,2015,honda,excellent,103390,truck,pilot
61819,2003,hyundai,fair,97856,coupe,sonata
76324,2003,kia,fair,67201,sedan,sorento
10408,1998,bmw,fair,164766,suv,3 series
64379,1997,chevrolet,good,90766,sedan,tahoe
30053,2011,audi,good,23995,pickup,a6
14446,1996,mercedes,excellent,93320,sedan,gle
5922,2018,hyundai,like new,81141,pickup,sonata
56356,1995,bmw,excellent,215071,truck,x5
15789,2002,bmw,fair,140491,truck,5 series
71656,2007,mercedes,excellent,180024,coupe,e-class
49028,2017,nissan,like new,165909,sedan,rogue
69484,2009,honda,good,71799,sedan,cr-v
37154,2002,honda,excellent,180949,pickup,pilot
7336,2006,bmw,fair,238327,truck,x5
72779,2016,toyota,fair,46687,pickup,rav4
24029,2006,bmw,good,231739,truck,5 series
64201,2008,bmw,excellent,38276,pickup,3 series
37265,2009,mercedes,like new,35523,truck,c-class
48872,2009,audi,good,198127,pickup,a6
51197,2003,mercedes,excellent,55615,truck,c-class
60180,2013,hyundai,new,228714,hatchback,sonata
28710,2020,bmw,fair,242112,pickup,3 series
34486,2014,honda,like new,11514,sedan,pilot
76907,2016,kia,like new,48456,coupe,sorento
76895,2002,honda,like new,8233,hatchback,pilot
69435,2015,ford,fair,2102,hatchback,mustang
45631,2013,nissan,excellent,67133,pickup,altima
25103,2000,chevrolet,good,47715,coupe,equinox
69772,2014,hyundai,excellent,217265,sedan,sonata
19382,2019,hyundai,good,111545,hatchback,santa fe
8756,2013,nissan,like new,105085,sedan,sentra
25609,1998,kia,excellent,110101,truck,sportage
21478,2017,chevrolet,like new,138328,coupe,silverado
44666,2001,audi,new,109684,suv,a4
76315,2022,bmw,like new,65800,truck,x3
19153,2022,chevrolet,like new,95937,coupe,malibu
17999,1998,kia,good,42548,pickup,sportage
60318,2016,toyota,new,204162,pickup,corolla
5814,2006,ford,like new,210272,sedan,f-150
7443,2007,chevrolet,like new,174439,hatchback,tahoe
78319,1997,chevrolet,new,129845,suv,malibu
22368,2016,ford,new,114815,pickup,mustang
20328,2006,bmw,excellent,221994,coupe,5 series
61942,1996,chevrolet,good,202454,hatchback,malibu
32306,2018,ford,new,128602,hatchback,focus
44915,1996,ford,new,127270,coupe,explorer
42219,2021,ford,fair,127320,hatchback,explorer
69644,2017,mercedes,new,158277,pickup,s-class
65279,2003,kia,good,26570,coupe,sorento
58028,1995,mercedes,like new,162327,coupe,s-class
5126,2002,toyota,like new,22182,sedan,corolla
57329,2017,audi,like new,40373,suv,a4
32632,2000,mercedes,like new,44019,sedan,c-class
70310,2000,mercedes,fair,194691,suv,c-class
60176,2016,kia,new,17043,coupe,sorento
49327,2019,audi,like new,177604,hatchback,a4
73904,2012,nissan,excellent,233362,suv,altima
8797,2011,ford,like new,198008,coupe,f-150
52882,2006,hyundai,new,20239,coupe,tucson
18718,2000,audi,like new,142488,sedan,q7
39560,2020,toyota,fair,135484,sedan,corolla
27116,2021,bmw,good,82976,hatchback,3 series
41244,2002,toyota,good,25406,truck,rav4
6645,2013,ford,new,2875,pickup,explorer
52523,2022,audi,good,169138,truck,a4
24256,2004,toyota,good,234144,truck,tacoma
58173,1995,toyota,excellent,137824,hatchback,camry
42430,2019,nissan,new,218825,suv,sentra
44282,2007,nissan,new,210097,hatchback,altima
68374,2011,audi,good,133425,hatchback,q5
73244,1997,ford,good,159058,coupe,mustang
16694,2002,mercedes,good,218979,coupe,c-class
61264,2008,honda,fair,236973,coupe,pilot
62545,1997,chevrolet,like new,15691,pickup,silverado
44224,2010,hyundai,fair,201919,suv,elantra
18224,2007,chevrolet,new,49075,suv,tahoe
45738,2014,kia,excellent,11794,coupe,telluride
30150,2018,nissan,like new,200542,truck,frontier
68731,2011,audi,excellent,148478,pickup,q5
54688,2007,chevrolet,new,76930,truck,silverado
78509,2000,ford,new,247969,sedan,explorer
13577,2011,hyundai,excellent,158944,suv,sonata
13070,2008,chevrolet,excellent,42708,suv,tahoe
13666,2011,hyundai,excellent,116492,truck,elantra
62761,2002,bmw,new,107629,pickup,5 series
41368,2005,ford,good,152872,suv,f-150
11783,2014,honda,excellent,175469,truck,civic
46914,2022,toyota,like new,124313,hatchback,tacoma
75507,1995,hyundai,new,169981,hatchback,sonata
72526,2020,ford,fair,22352,pickup,mustang
75835,2001,hyundai,fair,102975,truck,tucson
50765,2015,hyundai,like new,94848,hatchback,tucson
24956,2015,mercedes,good,237668,pickup,gle
51240,2011,mercedes,excellent,147510,coupe,gle
42148,2004,ford,new,220993,pickup,focus
9757,2005,mercedes,excellent,45999,sedan,s-class
24097,2016,kia,new,19482,coupe,sportage
15395,2003,honda,fair,164543,truck,cr-v
21241,2003,audi,excellent,48279,coupe,q7
32696,2018,ford,like new,110413,coupe,focus
75480,1999,ford,good,238820,truck,mustang
51163,2011,kia,like new,55213,truck,sorento
24816,2003,nissan,good,114909,hatchback,altima
54840,2011,nissan,excellent,14026,sedan,sentra
57853,2018,mercedes,excellent,239697,truck,c-class
29917,2015,audi,good,86184,suv,a4
26566,2013,mercedes,fair,6435,suv,s-class
67823,2021,bmw,new,140565,sedan,x3
25806,2001,bmw,like new,204299,pickup,x5
6759,2017,toyota,like new,60321,pickup,tacoma
46949,2003,bmw,like new,134835,suv,5 series
7482,2001,nissan,excellent,21389,truck,frontier
29442,2007,honda,like new,32498,sedan,pilot
38719,2005,bmw,new,64755,pickup,5 series
63066,2008,mercedes,new,102545,pickup,gle
7079,2013,hyundai,good,36825,coupe,elantra
7717,2005,ford,excellent,17934,suv,f-150
64676,2007,honda,new,6574,truck,civic
32952,2008,honda,fair,131698,sedan,civic
47460,2007,mercedes,excellent,170251,pickup,gle
77847,1995,ford,excellent,133659,coupe,f-150
23449,2002,nissan,new,43782,suv,frontier
38536,2006,honda,fair,236296,suv,accord
69077,2013,toyota,good,186484,sedan,tacoma
43258,2006,mercedes,new,61561,pickup,c-class
53302,2002,honda,fair,209296,sedan,accord
33865,2002,audi,excellent,136481,sedan,a6
11645,2015,ford,fair,128159,hatchback,focus
43000,2007,bmw,excellent,203391,coupe,x5
31737,2006,honda,new,231088,suv,civic
16485,2010,mercedes,new,27751,hatchback,c-class
43565,1995,bmw,like new,39174,truck,5 series
30522,2007,toyota,like new,123678,suv,corolla
70155,2020,bmw,like new,57572,suv,3 series
60168,2001,audi,new,62416,coupe,a4
57487,2022,nissan,good,144113,truck,frontier
17342,2020,honda,new,155299,pickup,civic
45806,1999,chevrolet,fair,36201,truck,silverado
53770,2002,chevrolet,new,37069,pickup,tahoe
57603,2019,bmw,new,214262,truck,x5
31399,2021,kia,excellent,27370,sedan,optima
60106,2008,ford,excellent,227090,truck,f-150
35678,2017,chevrolet,excellent,126342,hatchback,equinox
68230,2007,kia,new,143658,hatchback,sorento
79055,2009,chevrolet,good,182303,coupe,malibu
61373,2017,kia,fair,126758,pickup,telluride
36480,2011,ford,fair,137394,suv,mustang
73836,2009,hyundai,good,66294,coupe,elantra
77258,2014,chevrolet,good,80468,hatchback,silverado
44986,2012,audi,fair,161371,hatchback,a6
29160,2012,honda,like new,91715,pickup,civic
69929,1996,kia,excellent,71793,hatchback,sorento
78506,1998,honda,excellent,178573,hatchback,civic
39911,1995,mercedes,fair,189206,pickup,e-class
36821,1998,mercedes,good,112672,hatchback,s-class
65535,2012,ford,like new,141849,suv,mustang
17175,1999,kia,fair,143321,sedan,optima
59771,2013,toyota,excellent,121902,coupe,corolla
71358,2009,mercedes,new,22390,suv,c-class
22327,2022,ford,good,21369,suv,mustang
52057,2002,mercedes,new,144953,sedan,e-class
11150,2014,mercedes,fair,10587,coupe,s-class
9425,2011,toyota,excellent,225872,suv,rav4
21032,1995,chevrolet,like new,206399,hatchback,malibu
7198,2006,bmw,new,108009,sedan,5 series
65500,2020,hyundai,like new,219983,coupe,tucson
58394,2013,mercedes,excellent,220219,truck,s-class
25079,2009,mercedes,new,239634,pickup,gle
41220,2003,audi,like new,139905,hatchback,a6
46874,2001,hyundai,like new,249646,sedan,sonata
18859,1996,toyota,new,48013,pickup,tacoma
55460,2003,honda,excellent,118341,truck,cr-v
36419,2004,kia,like new,128785,suv,sportage
13705,1996,mercedes,fair,195692,suv,s-class
47880,2013,bmw,new,147826,coupe,x5
28236,2005,kia,good,108584,sedan,sportage
20358,2007,hyundai,good,79113,sedan,sonata
19596,2004,kia,excellent,228703,coupe,telluride
38572,2008,chevrolet,fair,87784,pickup,malibu
6279,2012,mercedes,like new,36282,suv,e-class
68197,2013,kia,good,168809,suv,optima
67516,2016,honda,excellent,229499,sedan,pilot
12083,2003,honda,fair,25124,sedan,civic
22771,2019,mercedes,fair,71102,coupe,s-class
34975,2001,nissan,excellent,134268,truck,rogue
50648,2022,honda,excellent,62527,pickup,pilot
53285,1997,kia,like new,131371,hatchback,sportage
24063,2014,ford,excellent,131942,truck,mustang
72642,2000,honda,like new,97651,truck,accord
42599,2021,hyundai,like new,247549,sedan,tucson
56920,2015,nissan,new,86395,sedan,altima
33529,1996,kia,fair,12345,sedan,sorento
40954,2000,toyota,fair,125544,truck,tacoma
32856,1997,audi,fair,35077,pickup,q5
7573,2010,toyota,new,131429,sedan,camry
40367,2002,chevrolet,like new,198472,suv,malibu
65774,1996,audi,like new,13055,pickup,q7
28752,2011,chevrolet,excellent,104693,suv,malibu
60029,2003,audi,new,86283,pickup,a4
22685,2006,audi,excellent,45484,sedan,q5
56693,1997,ford,new,78514,hatchback,f-150
60961,2005,bmw,excellent,91135,coupe,x3
79532,1995,hyundai,good,36771,sedan,santa fe
61133,2017,toyota,fair,244550,truck,camry
66268,2007,honda,fair,189726,hatchback,pilot
43243,2009,kia,like new,178612,truck,sportage
62384,2020,nissan,good,215223,pickup,frontier
36653,1999,hyundai,fair,238335,truck,elantra
31657,2015,chevrolet,like new,111284,hatchback,malibu
44952,2011,ford,good,118399,hatchback,mustang
27180,2019,chevrolet,fair,105885,sedan,malibu
6622,2017,bmw,excellent,161449,suv,x3
53756,2018,nissan,new,227639,sedan,frontier
45809,2019,ford,good,181645,pickup,f-150
21725,2000,chevrolet,like new,174805,truck,equinox
66396,2022,bmw,good,130344,suv,3 series
56226,2015,kia,like new,143832,coupe,sportage
34402,2016,kia,good,114226,hatchback,sorento
9263,2005,chevrolet,like new,100250,suv,malibu
51828,2012,hyundai,fair,26762,suv,sonata
52924,1998,nissan,excellent,183058,sedan,frontier
79182,1997,mercedes,fair,166404,coupe,e-class
64052,2007,hyundai,excellent,172172,hatchback,santa fe
16664,2017,kia,fair,137016,pickup,telluride
40737,2003,nissan,fair,49825,pickup,rogue
34373,2015,bmw,good,14877,suv,x3
41397,2000,ford,new,162062,suv,explorer
43709,2020,audi,like new,130065,truck,a6
66120,2022,chevrolet,like new,109443,coupe,malibu
24250,2006,toyota,like new,100612,hatchback,corolla
26172,1996,nissan,excellent,118674,suv,rogue
16555,1997,honda,like new,116074,truck,pilot
58276,1997,bmw,like new,187355,coupe,5 series
62492,2022,mercedes,good,135330,hatchback,s-class
58002,2006,audi,fair,32629,pickup,a4
77355,2009,honda,like new,169651,truck,civic
29762,2003,mercedes,new,155030,coupe,e-class
16046,2017,toyota,like new,171537,truck,tacoma
33769,2002,kia,excellent,217925,suv,sportage
58302,2005,hyundai,excellent,16775,sedan,tucson
28150,2010,chevrolet,excellent,208647,pickup,malibu
73247,2020,ford,like new,226705,suv,mustang
9853,2021,mercedes,good,166279,suv,s-class
26792,2019,audi,new,154625,coupe,a6
64129,2016,nissan,like new,242010,truck,sentra
79478,1998,kia,good,185704,pickup,optima
72298,2022,nissan,good,1055,suv,altima
36987,1995,audi,like new,89697,coupe,q7
20850,2018,nissan,like new,164945,pickup,frontier
17112,2001,mercedes,good,102505,truck,s-class
29058,1996,bmw,good,81720,suv,x3
50420,2018,nissan,good,198277,hatchback,frontier
43890,2022,hyundai,like new,79199,suv,sonata
71017,1999,toyota,good,157390,suv,tacoma
52304,2001,ford,excellent,34734,pickup,explorer
37921,1998,mercedes,like new,214299,pickup,e-class
6524,1999,honda,excellent,150594,pickup,accord
20048,2018,audi,fair,143728,pickup,q5
40111,1995,kia,like new,147965,coupe,sorento
42904,1995,mercedes,fair,243465,sedan,gle
59912,2009,bmw,good,17493,coupe,5 series
39008,2014,kia,good,135704,suv,optima
5060,2013,hyundai,new,96872,coupe,elantra
79666,2004,audi,good,220720,truck,a6
60337,2022,kia,fair,62779,hatchback,sportage
18350,2012,nissan,good,170524,pickup,altima
29354,2022,mercedes,like new,145338,truck,s-class
50186,1997,toyota,good,122187,hatchback,camry
33145,2005,audi,new,117603,truck,a4
39020,2009,chevrolet,good,62607,suv,equinox
25581,2021,hyundai,fair,17940,pickup,santa fe
28051,2005,ford,fair,156075,truck,explorer
56474,2011,audi,good,128880,suv,q7
74626,2011,bmw,fair,99408,pickup,x3
11960,2000,mercedes,fair,35815,sedan,s-class
40772,1999,nissan,new,162941,suv,rogue
26520,2002,ford,like new,50297,coupe,focus
54481,1996,ford,new,61107,pickup,focus
41408,2010,hyundai,excellent,83793,truck,tucson
62134,2014,kia,new,148754,hatchback,optima
25491,2018,bmw,good,20622,truck,5 series
6341,2006,kia,like new,31408,coupe,sorento
49623,2000,nissan,good,140909,coupe,altima
5338,1995,ford,excellent,196282,truck,f-150
76431,1998,bmw,like new,147479,hatchback,5 series
17254,2011,bmw,fair,161381,pickup,3 series
56860,2007,honda,new,203990,suv,pilot
16344,2012,mercedes,good,94190,coupe,c-class
6750,1999,ford,excellent,150967,coupe,mustang
59756,2018,ford,fair,231159,coupe,explorer
72957,2018,bmw,new,218984,hatchback,x5
63053,2021,kia,fair,1370,sedan,optima
75855,1997,ford,new,115212,hatchback,mustang
20896,2005,bmw,like new,1486,pickup,x5
60761,2007,ford,fair,24762,pickup,f-150
67552,1998,bmw,fair,27613,pickup,x5
32935,2020,honda,fair,244876,pickup,civic
42641,2021,mercedes,like new,4196,pickup,e-class
34711,2008,bmw,excellent,239928,truck,x5
75342,2016,ford,new,227009,coupe,focus
17182,2005,nissan,fair,101565,hatchback,frontier
61276,2021,mercedes,like new,77349,truck,s-class
24541,2004,honda,excellent,65839,hatchback,civic
49813,2013,bmw,new,173988,sedan,x3
42198,2012,nissan,like new,9572,suv,frontier
13820,2000,bmw,new,245384,coupe,x3
29070,2021,kia,fair,160297,sedan,sportage
74768,2009,ford,excellent,46853,truck,f-150
16122,2015,audi,like new,181462,suv,q5
78543,2004,hyundai,excellent,164347,sedan,santa fe
46786,1999,toyota,fair,73379,hatchback,tacoma
11737,2020,kia,excellent,133177,suv,telluride
41062,1999,nissan,excellent,117074,hatchback,sentra
59237,2004,kia,good,191968,sedan,sorento
56571,2022,chevrolet,excellent,44209,truck,silverado
30510,1999,bmw,new,229247,hatchback,x3
24426,1997,bmw,like new,174559,suv,x3
42265,2017,toyota,good,150123,sedan,camry
22850,2000,toyota,like new,95244,hatchback,rav4
71150,1998,chevrolet,like new,233067,truck,tahoe
79910,2012,ford,fair,209472,coupe,explorer
57375,2022,hyundai,fair,101300,truck,santa fe
40435,2003,audi,good,199033,truck,q7
62132,2011,audi,fair,192228,coupe,q5
7983,2007,honda,fair,115682,truck,pilot
25662,2021,honda,fair,58175,coupe,accord
28510,2009,ford,like new,138921,coupe,focus
45998,2014,honda,good,102551,hatchback,cr-v
61846,2011,honda,like new,19976,hatchback,cr-v
11640,2007,chevrolet,new,131617,coupe,equinox
49547,2010,chevrolet,like new,100794,sedan,malibu
59620,2016,honda,new,247984,suv,cr-v
20317,1998,kia,excellent,249347,sedan,sportage
12564,1999,mercedes,excellent,57866,coupe,gle
32345,1999,mercedes,new,118752,suv,e-class
79859,2003,ford,new,48078,hatchback,focus
79038,2011,audi,like new,32113,suv,a4
57393,2007,toyota,new,247592,coupe,camry
71081,1996,ford,good,16401,hatchback,f-150
34430,2007,honda,excellent,144956,suv,accord
32788,2016,chevrolet,excellent,216432,suv,silverado
53543,2015,bmw,new,169635,sedan,x5
18919,2021,kia,fair,166486,suv,sorento
74346,2017,nissan,fair,148214,coupe,frontier
44974,2013,chevrolet,new,244682,pickup,equinox
21371,1997,mercedes,good,247200,pickup,e-class
50084,2004,chevrolet,fair,72492,pickup,silverado
34629,1996,kia,new,211536,coupe,telluride
56184,2007,toyota,good,207329,pickup,rav4
66916,2013,honda,good,77693,sedan,cr-v
78972,2020,bmw,like new,36135,coupe,5 series
67187,2011,mercedes,good,204304,hatchback,gle
17984,2015,mercedes,fair,28862,coupe,c-class
38039,2008,hyundai,fair,137262,coupe,tucson
63606,2006,audi,new,71199,suv,q7
15616,2015,toyota,new,106366,suv,tacoma
55072,2006,mercedes,good,5331,suv,e-class
29574,2005,audi,excellent,184258,truck,q7
8430,2001,mercedes,like new,45648,sedan,s-class
17676,1998,honda,excellent,29549,coupe,cr-v
15816,2013,audi,good,213854,coupe,q7
37733,1995,kia,good,26761,suv,optima
7050,2022,hyundai,excellent,4262,coupe,sonata
38933,2018,honda,like new,243696,hatchback,cr-v
29951,1997,kia,excellent,183331,coupe,sportage
37413,2007,bmw,new,73572,pickup,x5
39801,2009,toyota,fair,185544,hatchback,corolla
60619,1996,toyota,new,88858,hatchback,corolla
37913,2005,nissan,fair,85667,coupe,altima
45600,1998,nissan,good,5677,truck,sentra
62775,2013,audi,like new,205580,suv,a4
40400,2011,toyota,excellent,131334,sedan,tacoma
9494,1997,audi,like new,212937,sedan,a4
79691,2022,nissan,excellent,234640,pickup,rogue
48001,2012,bmw,new,102437,sedan,x5
72364,2002,mercedes,new,241988,sedan,s-class
50028,2016,kia,excellent,182689,suv,sportage
42573,2019,chevrolet,like new,218101,suv,tahoe
5806,2018,audi,excellent,150667,truck,a6
61638,2020,bmw,good,219531,pickup,3 series
34757,2013,kia,new,61148,sedan,telluride
39636,1999,toyota,good,47926,truck,rav4
53280,2001,mercedes,new,76271,pickup,gle
29262,2015,kia,new,35457,hatchback,sorento
67211,2002,hyundai,fair,43531,sedan,elantra
59842,2022,nissan,good,205335,sedan,frontier
61979,1999,kia,good,205372,suv,sorento
43197,2011,chevrolet,fair,129027,coupe,tahoe
46844,1999,bmw,like new,195243,pickup,5 series
69754,1998,mercedes,good,46771,sedan,e-class
39157,2016,honda,excellent,94135,pickup,pilot
45042,2013,kia,fair,67354,truck,sportage
66665,2021,ford,good,113743,truck,mustang
32376,2015,chevrolet,like new,245453,coupe,tahoe
60554,1996,chevrolet,good,169361,sedan,silverado
19199,2005,ford,new,34892,suv,explorer
55948,2016,hyundai,excellent,203268,sedan,santa fe
78781,2007,honda,fair,130662,pickup,cr-v
77750,2009,nissan,new,96057,hatchback,rogue
71262,2006,bmw,like new,39409,truck,x3
51600,2016,mercedes,new,247889,pickup,c-class
67483,2015,bmw,new,166542,coupe,5 series
23297,2016,honda,like new,150457,truck,accord
35448,2005,bmw,new,155368,suv,x3
31172,2001,ford,fair,119566,truck,focus
47874,2022,chevrolet,good,62716,hatchback,malibu
12657,1999,bmw,new,90152,sedan,3 series
30425,2011,audi,fair,27382,hatchback,q5
31685,2018,kia,good,77675,hatchback,sorento
29578,2014,honda,good,229668,sedan,accord
33831,2003,hyundai,new,23419,truck,santa fe
12906,2008,audi,fair,225393,coupe,a4
66413,2020,ford,new,82238,sedan,focus
59028,2006,toyota,like new,226825,sedan,corolla
12287,2000,ford,good,171363,suv,explorer
38660,2011,hyundai,new,13397,truck,sonata
65504,2013,hyundai,good,238487,sedan,tucson
64720,2013,audi,fair,58888,coupe,q5
39701,2020,kia,excellent,36169,pickup,sorento
22674,2010,honda,new,63182,truck,civic
28874,2006,nissan,new,93476,suv,altima
48642,2006,chevrolet,good,43249,hatchback,malibu
70160,2014,audi,fair,160413,sedan,q5
22602,2000,hyundai,like new,76603,coupe,tucson
30931,2017,toyota,fair,178216,truck,camry
34192,2020,mercedes,new,193844,coupe,e-class
51542,1998,hyundai,like new,80360,coupe,sonata
47520,2000,kia,fair,14444,hatchback,sportage
69772,2005,kia,excellent,177719,suv,sportage
63762,1995,hyundai,good,124662,truck,sonata
55106,2018,kia,fair,246488,sedan,sorento
30559,2017,audi,fair,99843,suv,q7
38742,2009,hyundai,excellent,11974,sedan,elantra
74669,2021,hyundai,new,113150,pickup,sonata
26754,2005,honda,good,170455,coupe,cr-v
8972,2019,chevrolet,fair,95826,pickup,silverado
75831,2013,toyota,like new,213624,coupe,corolla
46873,2012,kia,fair,98648,hatchback,optima
14903,2011,honda,good,226121,suv,civic
8020,2013,nissan,fair,135028,sedan,altima
46755,2015,nissan,excellent,140149,hatchback,altima
50648,2008,bmw,fair,37490,sedan,x3
14516,2021,audi,fair,242435,suv,a4
7396,2012,audi,like new,125713,truck,q5
24129,2022,ford,excellent,235463,pickup,f-150
6591,2013,toyota,excellent,240714,pickup,corolla
16303,2009,hyundai,fair,56612,sedan,santa fe
35561,2009,kia,like new,101474,sedan,sportage
76719,1998,toyota,fair,37159,sedan,rav4
12314,2001,bmw,fair,40710,suv,3 series
24623,2007,ford,good,215608,truck,focus
72675,1997,honda,good,145878,pickup,civic
70082,2010,toyota,like new,114096,hatchback,tacoma
38130,2003,honda,new,210417,coupe,cr-v
56756,2002,nissan,good,212463,suv,altima
31292,2014,kia,new,108412,pickup,sportage
74274,2007,bmw,excellent,95924,truck,x5
7469,2011,hyundai,good,7458,suv,tucson
58947,2011,kia,good,131993,hatchback,optima
27534,2011,chevrolet,like new,36524,pickup,tahoe
68620,1995,audi,new,138925,suv,a4
53874,2002,bmw,good,41477,pickup,x5
54708,2013,toyota,good,33222,pickup,camry
79553,2000,kia,like new,19320,truck,telluride
73344,1997,mercedes,like new,95154,coupe,s-class
54138,2021,audi,new,53243,truck,q5
59302,1999,audi,excellent,177687,pickup,a4
52638,2007,mercedes,excellent,149424,suv,gle
7719,2009,ford,fair,73833,hatchback,focus
27890,2008,ford,good,94476,truck,mustang
41509,2017,mercedes,new,115560,coupe,s-class
47534,2010,chevrolet,good,135275,pickup,silverado
23787,2012,nissan,new,40267,hatchback,altima
53845,2016,mercedes,new,38941,truck,gle
62932,2016,nissan,new,83809,truck,sentra
38062,2005,kia,good,26368,truck,sorento
65461,1997,chevrolet,like new,78186,truck,malibu
71672,2016,bmw,good,31984,hatchback,5 series
39832,2004,nissan,new,174013,suv,sentra
36966,2004,audi,fair,204990,coupe,q7
77545,2015,kia,excellent,184755,coupe,telluride
17987,2010,audi,new,1801,pickup,a4
42311,2006,chevrolet,fair,107538,sedan,tahoe
36575,1996,nissan,like new,113201,suv,sentra
68852,2003,honda,new,48965,pickup,civic
6007,2018,chevrolet,fair,86269,pickup,silverado
75981,1997,chevrolet,new,142041,truck,equinox
52517,2018,honda,good,36969,sedan,civic
34257,2019,kia,fair,214341,sedan,sportage
47207,2009,nissan,good,164521,suv,rogue
18281,1997,nissan,good,92679,sedan,altima
66246,2013,audi,fair,157777,pickup,q7
6435,2012,chevrolet,excellent,192375,sedan,malibu
31660,2002,chevrolet,fair,29363,sedan,silverado
10084,2020,hyundai,excellent,162792,coupe,santa fe
18507,2011,bmw,new,142044,pickup,x3
77595,2002,chevrolet,new,34351,hatchback,equinox
50539,2001,toyota,fair,112023,sedan,camry
12491,2001,bmw,new,168217,sedan,x5
55192,1997,toyota,like new,88948,truck,camry
68888,1995,nissan,good,221686,sedan,altima
78609,1998,bmw,good,220188,sedan,x5
14077,2019,chevrolet,excellent,57235,coupe,silverado
25953,1999,honda,new,15855,pickup,pilot
72889,1995,audi,excellent,168241,suv,a6
28821,2009,toyota,good,178476,pickup,tacoma
42567,1999,bmw,good,151641,truck,x3
29860,2007,chevrolet,new,126074,pickup,equinox
26195,2002,bmw,like new,55437,sedan,x3
26427,2002,chevrolet,like new,180578,truck,malibu
32083,1999,chevrolet,new,157810,pickup,tahoe
62372,2022,chevrolet,new,138844,truck,silverado
49064,2003,hyundai,excellent,91410,suv,santa fe
12813,1995,audi,new,20731,pickup,q5
36598,1998,honda,like new,142203,hatchback,cr-v
32082,1997,honda,new,67324,sedan,pilot
34241,1996,bmw,excellent,186169,truck,x3
49569,2002,bmw,excellent,82720,hatchback,3 series
16745,2017,chevrolet,excellent,97433,hatchback,tahoe
31029,2003,hyundai,excellent,3889,coupe,sonata
18025,1996,chevrolet,fair,10569,truck,equinox
19288,2008,hyundai,new,88193,hatchback,santa fe
11540,2008,chevrolet,good,207749,coupe,silverado
73878,1998,toyota,new,86192,hatchback,corolla
46846,2000,toyota,fair,88154,sedan,rav4
22482,2005,nissan,excellent,209542,suv,sentra
28411,1997,chevrolet,fair,109073,coupe,equinox
55975,2002,audi,like new,220894,suv,q7
65545,1997,nissan,like new,8612,truck,rogue
57307,2008,bmw,new,52644,sedan,x3
8093,2022,kia,new,33069,coupe,telluride
27042,2007,chevrolet,good,82741,truck,malibu
57930,2007,toyota,good,159403,hatchback,rav4
49413,1996,kia,like new,56897,pickup,sorento
38756,2007,hyundai,excellent,146006,truck,elantra
58268,2013,kia,fair,142167,suv,sportage
44214,2021,audi,good,223566,sedan,q5
33602,2000,chevrolet,good,103544,sedan,equinox
58331,2010,honda,excellent,19706,truck,accord
53901,1996,kia,excellent,175588,hatchback,sportage
68416,2002,honda,new,104602,pickup,cr-v
37196,2011,hyundai,fair,229080,suv,tucson
10626,2017,nissan,excellent,35629,truck,frontier
12424,1996,honda,good,178982,truck,accord
17857,2004,nissan,good,220612,sedan,altima
24982,2022,toyota,like new,125746,suv,corolla
6980,2010,chevrolet,excellent,21431,pickup,silverado
53290,2000,kia,new,188805,sedan,sorento
31431,2022,toyota,fair,41088,truck,camry
31385,1996,toyota,new,176207,sedan,tacoma
43158,1996,mercedes,good,247858,sedan,s-class
28019,2020,ford,new,170087,coupe,explorer
23639,2007,audi,good,232110,sedan,q7
26563,2018,nissan,good,32385,hatchback,sentra
44341,2009,mercedes,good,71199,sedan,gle
10776,2022,ford,good,39677,hatchback,mustang
41444,1996,audi,good,119104,suv,q7
73916,2001,nissan,like new,13818,sedan,sentra
13711,1997,chevrolet,new,220294,pickup,equinox
79318,2002,audi,like new,64001,hatchback,q5
35707,2017,kia,like new,156049,hatchback,telluride
44110,2008,toyota,excellent,50832,truck,corolla
66788,2018,ford,excellent,41931,suv,f-150
43827,2017,ford,excellent,84990,sedan,focus
10655,2021,ford,fair,210966,pickup,mustang
49859,2016,nissan,excellent,73204,truck,rogue
58625,2001,kia,new,46784,suv,optima
57098,2015,audi,like new,107305,hatchback,q7
20251,2001,toyota,new,10921,pickup,camry
5526,1995,kia,excellent,35959,sedan,sorento
73760,2011,mercedes,fair,33328,coupe,gle
52837,2003,chevrolet,fair,140931,coupe,tahoe
16536,2015,honda,like new,90506,suv,accord
33541,2007,kia,new,75408,pickup,optima
56027,2015,mercedes,good,124852,truck,s-class
39531,2013,toyota,new,216838,pickup,rav4
13712,2015,honda,excellent,27708,hatchback,pilot
70455,2013,honda,good,19847,coupe,cr-v
79744,2019,kia,fair,56989,suv,sportage
10109,2019,ford,like new,224713,sedan,focus
54268,2016,bmw,like new,126383,pickup,x3
59615,2011,toyota,fair,5922,coupe,rav4
34759,2017,ford,excellent,202000,truck,f-150
65112,2017,toyota,fair,53335,suv,camry
31589,2004,bmw,excellent,127913,sedan,3 series
35015,2004,chevrolet,good,145613,pickup,equinox
34009,1998,bmw,fair,20551,truck,5 series
67046,2002,hyundai,excellent,151453,sedan,sonata
31143,2016,kia,good,114319,hatchback,telluride
11154,2014,kia,fair,56673,coupe,optima
26804,2014,mercedes,like new,102531,hatchback,gle
46688,2012,ford,fair,23948,coupe,explorer
69288,2008,mercedes,new,93264,truck,e-class
56195,2012,hyundai,fair,60072,hatchback,sonata
25581,2022,bmw,new,68560,coupe,5 series
57648,2008,kia,good,214321,suv,telluride
35087,2014,nissan,fair,134558,truck,rogue
54930,2015,bmw,good,67691,coupe,x3
37981,2018,bmw,good,142154,pickup,5 series
74298,2009,hyundai,excellent,103781,coupe,sonata
51167,2016,chevrolet,good,85105,hatchback,tahoe
48408,1998,toyota,good,8086,suv,rav4
44499,2007,hyundai,fair,128818,sedan,elantra
57269,2021,toyota,fair,68853,sedan,tacoma
43559,2017,kia,like new,102925,coupe,telluride
79319,2002,hyundai,excellent,71027,sedan,santa fe
53787,2012,toyota,good,16916,coupe,camry
40488,2006,mercedes,excellent,16248,suv,e-class
79441,2017,hyundai,new,200119,sedan,tucson
79663,2008,kia,good,25226,hatchback,optima
27431,1996,hyundai,excellent,157097,hatchback,santa fe
66681,2012,kia,like new,239922,pickup,telluride
68483,2018,hyundai,like new,49380,coupe,elantra
54153,1996,toyota,good,8848,sedan,corolla
11368,2005,chevrolet,new,15274,hatchback,malibu
32424,2003,audi,like new,55545,suv,a6
50004,2006,toyota,like new,97494,suv,tacoma
61985,2011,ford,new,116981,pickup,f-150
55069,2009,honda,excellent,167305,suv,accord
57326,2019,chevrolet,like new,17304,suv,silverado
28398,2011,mercedes,fair,246045,sedan,c-class
55861,2020,bmw,like new,12294,coupe,3 series
73577,2020,toyota,excellent,27425,truck,camry
70641,2012,hyundai,excellent,200783,suv,tucson
14078,2016,toyota,good,238225,suv,tacoma
30003,2000,nissan,fair,111777,truck,frontier
67768,2011,chevrolet,excellent,225383,suv,tahoe
56047,2017,audi,new,141497,sedan,a6
76626,2018,mercedes,fair,92549,sedan,s-class
62660,2012,nissan,fair,94464,truck,sentra
54786,2002,kia,new,177062,hatchback,telluride
6925,2003,nissan,like new,107748,suv,altima
31015,2000,toyota,new,205818,hatchback,rav4
38320,1999,mercedes,new,69295,suv,e-class
69881,2006,toyota,like new,17091,coupe,rav4
31289,2019,kia,like new,120943,suv,sportage
8389,2022,bmw,like new,132074,sedan,x3
30683,2005,mercedes,like new,51411,pickup,e-class
18629,2019,bmw,like new,173030,pickup,5 series
66550,1995,chevrolet,new,96696,pickup,equinox
29826,2005,chevrolet,good,152779,pickup,silverado
31630,2013,bmw,good,147320,hatchback,x3
51163,2003,chevrolet,excellent,72309,hatchback,malibu
71435,2021,mercedes,good,210394,suv,gle
16653,1996,hyundai,good,183792,hatchback,tucson
32961,2006,ford,new,147109,suv,f-150
79137,1998,chevrolet,like new,68421,coupe,equinox
38662,1998,chevrolet,like new,237436,suv,equinox
61446,2012,toyota,new,213939,pickup,rav4
26288,2009,bmw,good,41612,truck,3 series
41877,2013,honda,new,220103,truck,cr-v
20313,2007,audi,excellent,14450,sedan,q7
77715,2013,nissan,like new,10491,sedan,frontier
15326,2011,chevrolet,fair,118026,suv,silverado
6560,2000,nissan,excellent,75804,truck,frontier
31745,2010,mercedes,excellent,94293,pickup,s-class
36890,2018,honda,new,120498,hatchback,cr-v
25022,2006,audi,good,239515,pickup,q7
57579,2013,bmw,like new,138863,pickup,x5
75316,1999,ford,fair,106475,suv,f-150
33380,2011,audi,excellent,29314,suv,q7
7356,2020,audi,fair,52883,coupe,q5
75326,2017,ford,good,226191,pickup,mustang
25049,2020,hyundai,good,247629,pickup,santa fe
21082,1995,bmw,fair,88086,suv,3 series
5661,2022,toyota,like new,197701,suv,tacoma
42412,2021,nissan,good,102291,coupe,altima
7920,2019,chevrolet,fair,243223,coupe,equinox
65315,2018,audi,excellent,10967,sedan,a6
13946,2017,mercedes,fair,213826,truck,gle
50500,2004,ford,fair,44220,pickup,explorer
21309,2009,nissan,new,206235,pickup,rogue
60230,2017,honda,good,137019,coupe,civic
35027,2015,ford,like new,171491,coupe,focus
77541,2015,honda,like new,57131,sedan,civic
64321,2005,bmw,new,220786,truck,x3
5956,2007,audi,like new,29876,sedan,q7
79131,1999,mercedes,fair,220516,truck,gle
52908,1995,chevrolet,new,102448,hatchback,tahoe
30963,2018,honda,excellent,152043,pickup,civic
44443,2006,nissan,good,194611,sedan,sentra
44063,2005,hyundai,good,230192,coupe,sonata
9703,2011,bmw,good,50228,sedan,3 series
70128,1998,hyundai,fair,75495,hatchback,sonata
77099,2009,bmw,excellent,29261,sedan,x5
30849,2019,toyota,new,107601,pickup,tacoma
36860,2003,nissan,new,62260,hatchback,rogue
36585,2015,hyundai,good,237070,coupe,elantra
27015,2014,mercedes,excellent,213443,coupe,gle
48585,2013,audi,excellent,216865,suv,q5
31958,2013,ford,excellent,135418,hatchback,f-150
31017,2006,chevrolet,like new,228415,suv,tahoe
50350,1999,audi,like new,228026,suv,q5
17201,2004,audi,good,57176,pickup,a4
34426,2011,bmw,excellent,53300,sedan,x3
22778,1999,mercedes,excellent,143412,coupe,c-class
50241,2016,bmw,new,34012,coupe,3 series
47229,2010,kia,new,167465,sedan,telluride
53364,2001,honda,good,103153,coupe,pilot
62056,2022,chevrolet,excellent,207205,sedan,tahoe
32490,2003,honda,good,157629,hatchback,accord
24975,1997,ford,new,196276,pickup,explorer
31723,2009,kia,new,74273,pickup,telluride
28279,2010,nissan,like new,113328,pickup,rogue
16561,2012,ford,good,111304,sedan,f-150
71061,2008,ford,good,107637,sedan,f-150
54153,1997,toyota,excellent,149348,truck,corolla
38142,2006,chevrolet,excellent,55639,coupe,equinox
31916,2003,bmw,like new,122939,coupe,3 series
69324,2022,mercedes,fair,8310,truck,c-class
49965,2001,honda,fair,167239,truck,civic
9648,2003,ford,fair,103944,pickup,focus
40133,2007,honda,good,216952,truck,cr-v
55677,2012,honda,good,142463,sedan,accord
75135,1999,nissan,new,123013,suv,altima
40046,2007,chevrolet,good,182693,sedan,silverado
52064,1998,chevrolet,good,142964,truck,silverado
74350,1996,hyundai,good,77733,coupe,santa fe
50893,2010,audi,like new,210658,sedan,q5
66272,2003,chevrolet,good,168214,coupe,equinox
72649,2003,honda,excellent,177751,sedan,pilot
69674,2000,bmw,excellent,173687,coupe,x3
18760,2005,honda,new,179625,hatchback,pilot
26927,2016,bmw,like new,110264,sedan,x5
66367,2018,hyundai,excellent,80071,coupe,sonata
17588,2016,bmw,like new,173074,suv,x5
57233,1995,chevrolet,like new,240879,pickup,equinox
49738,1998,nissan,new,123611,sedan,altima
38397,2007,bmw,like new,71658,suv,5 series
76260,2017,honda,good,10852,pickup,cr-v
24816,2007,mercedes,like new,6387,sedan,gle
47240,2007,chevrolet,new,128571,suv,tahoe
11276,1996,mercedes,new,98295,suv,c-class
28499,2003,kia,new,131381,hatchback,sportage
76635,2018,kia,excellent,238007,suv,telluride
40946,2002,honda,good,40994,hatchback,pilot
60204,2001,kia,excellent,235484,truck,sportage
56886,1998,audi,fair,117912,coupe,q5
76652,2012,hyundai,good,232486,pickup,sonata
20563,1997,chevrolet,like new,165797,coupe,malibu
14847,2022,mercedes,new,204754,coupe,c-class
31155,2000,honda,fair,132632,hatchback,cr-v
72278,2006,audi,good,125210,coupe,a6
23309,2006,honda,excellent,57565,suv,pilot
5619,2015,audi,new,2312,hatchback,q7
55108,2022,kia,excellent,150277,coupe,sorento
39707,2002,kia,good,126882,hatchback,sportage
25337,2016,bmw,good,143667,truck,x3
71504,2016,toyota,fair,88566,hatchback,rav4
52614,1995,honda,like new,22329,sedan,civic
5281,1998,bmw,excellent,235750,suv,x5
32420,2015,chevrolet,fair,69187,pickup,malibu
44030,2022,bmw,new,76542,sedan,x3
6058,2005,ford,like new,109237,sedan,focus
33404,1997,kia,fair,115476,sedan,sorento
34856,2007,ford,excellent,36645,coupe,explorer
14200,2019,honda,good,88502,hatchback,pilot
69178,2011,mercedes,new,225454,hatchback,s-class
38997,2016,mercedes,excellent,88310,coupe,c-class
30611,2016,chevrolet,like new,70619,suv,tahoe
46235,2004,bmw,like new,34513,coupe,5 series
40057,2015,mercedes,good,9749,coupe,c-class
6239,2006,audi,good,162855,coupe,a6
70661,2009,audi,new,61645,suv,q7
50272,2015,chevrolet,new,214933,suv,malibu
66212,2004,hyundai,good,54175,truck,tucson
20398,2008,kia,good,216288,truck,sportage
61503,2007,bmw,like new,194781,truck,x3
11638,1999,honda,good,149395,truck,accord
11570,2000,nissan,fair,51762,hatchback,altima
73785,2018,nissan,excellent,220292,sedan,rogue
14110,1996,nissan,good,65222,sedan,sentra
17115,2016,mercedes,new,166565,truck,s-class
44062,2011,hyundai,fair,190400,truck,santa fe
27911,1998,hyundai,new,13213,pickup,elantra
37556,2008,bmw,fair,98367,sedan,x3
6969,2004,bmw,good,239904,pickup,3 series
48753,1997,hyundai,excellent,179002,pickup,tucson
9470,2019,chevrolet,new,159785,coupe,equinox
15225,1997,bmw,fair,108157,hatchback,3 series
28196,2009,chevrolet,like new,204795,suv,malibu
18669,2000,ford,good,230408,sedan,mustang
42380,2011,audi,excellent,33583,truck,q7
53320,2006,kia,good,129792,truck,optima
52414,2016,bmw,like new,245269,suv,5 series
20577,2014,hyundai,excellent,80944,sedan,tucson
60409,2018,audi,like new,23369,truck,q7
33625,2005,audi,good,180000,truck,a4
29089,2019,toyota,fair,201022,coupe,rav4
41487,1998,hyundai,good,116844,pickup,tucson
70838,2020,kia,good,20510,truck,sorento
55138,2022,hyundai,good,13120,hatchback,sonata
47823,2020,bmw,new,100847,sedan,x5
42208,2000,honda,like new,99575,hatchback,civic
59061,1995,ford,like new,130269,suv,f-150
35659,2014,chevrolet,like new,6295,coupe,silverado
36890,2017,honda,new,21460,sedan,pilot
52055,2022,ford,fair,15963,coupe,focus
24508,2010,honda,good,78116,pickup,civic
47287,2009,chevrolet,fair,219894,truck,malibu
31984,2011,mercedes,new,28328,sedan,e-class
13125,2002,hyundai,like new,85629,suv,santa fe
41059,2022,honda,good,125034,pickup,accord
74569,2020,bmw,excellent,22605,pickup,5 series
22087,2006,kia,excellent,111901,coupe,telluride
10704,2021,nissan,fair,176885,pickup,frontier
65576,2016,bmw,like new,178443,sedan,x5
78384,2015,chevrolet,excellent,109241,coupe,equinox
77460,2004,kia,fair,48598,pickup,sorento
32208,2021,bmw,new,192848,suv,x5
71024,2009,audi,fair,73258,hatchback,q7
44882,2003,hyundai,fair,41969,sedan,tucson
30923,1996,kia,fair,168984,suv,sportage
34165,1999,audi,good,170446,suv,q7
72203,2000,bmw,fair,204374,coupe,5 series
9114,2001,ford,fair,63784,truck,explorer
69965,2015,toyota,good,181954,coupe,tacoma
41321,2019,ford,good,148000,sedan,focus
78297,1995,hyundai,new,22274,sedan,elantra
30426,2017,kia,like new,130994,coupe,sorento
22772,2020,kia,excellent,35416,truck,sorento
8712,2001,hyundai,excellent,218220,coupe,santa fe
6367,2014,audi,fair,193070,sedan,q7
56924,2019,toyota,new,101434,truck,rav4
8726,2006,bmw,fair,244768,sedan,x3
32723,2010,chevrolet,excellent,161119,truck,equinox
14108,2010,ford,good,175428,truck,mustang
40643,2005,ford,like new,169206,coupe,focus
36324,2015,nissan,new,199114,coupe,sentra
13927,1998,toyota,good,52310,coupe,rav4
27443,2007,chevrolet,like new,249676,truck,silverado
68449,2001,ford,new,81758,truck,mustang
65233,1998,chevrolet,new,144435,sedan,tahoe
30537,2009,bmw,excellent,217221,suv,x5
27612,2013,kia,good,176635,coupe,sportage
11471,2003,chevrolet,new,31628,hatchback,silverado
40631,2005,ford,new,240234,sedan,focus
36348,2002,audi,like new,242992,sedan,a6
69732,1995,toyota,excellent,70672,pickup,tacoma
6177,2017,hyundai,fair,47246,coupe,santa fe
9760,2019,honda,excellent,143233,sedan,pilot
37779,2018,mercedes,fair,233065,pickup,e-class
26636,2002,mercedes,good,90110,hatchback,c-class
58551,2007,honda,good,224510,hatchback,accord
16556,2016,chevrolet,new,3810,coupe,equinox
32598,2021,toyota,good,191932,truck,rav4
16563,1998,chevrolet,new,209271,pickup,equinox
51819,2002,hyundai,excellent,72688,truck,elantra
78770,1997,toyota,good,66548,hatchback,corolla
31966,2003,honda,excellent,194435,hatchback,civic
64889,1996,chevrolet,excellent,12162,suv,tahoe
31987,1996,nissan,good,88858,suv,frontier
63348,2022,ford,excellent,74535,suv,focus
29596,2007,audi,good,139291,suv,q7
38174,2009,kia,good,71864,sedan,optima
69106,2022,audi,good,135693,suv,q5
74967,2017,hyundai,fair,119371,sedan,tucson
64182,2006,chevrolet,excellent,90792,sedan,malibu
44310,2020,bmw,like new,176505,coupe,3 series
61088,1998,toyota,good,208922,sedan,camry
13906,2020,chevrolet,excellent,67188,sedan,tahoe
41914,2002,toyota,new,187023,suv,corolla
50379,2003,kia,good,82718,sedan,telluride
42650,2017,nissan,good,239188,truck,frontier
51881,1999,audi,like new,37558,suv,q7
51413,2018,ford,fair,129938,pickup,explorer
11012,2014,kia,fair,147731,suv,telluride
55115,2012,kia,good,35413,sedan,sportage
12151,2005,audi,excellent,11435,truck,a6
62716,2009,kia,new,185983,suv,telluride
41378,2022,bmw,new,29067,truck,x5
47652,2016,bmw,excellent,88794,pickup,x3
77430,2003,mercedes,good,94823,hatchback,gle
18467,2011,mercedes,new,70224,pickup,s-class
36010,2021,bmw,fair,205297,hatchback,3 series
59691,2020,honda,excellent,2379,coupe,pilot
69157,2006,nissan,like new,103547,hatchback,sentra
17289,2001,toyota,good,109541,coupe,rav4
49976,2004,nissan,excellent,159696,suv,rogue
48596,2019,hyundai,new,223572,coupe,tucson
28171,2020,kia,good,220499,truck,sportage
49139,2019,ford,fair,115634,coupe,f-150
53713,2004,kia,good,129701,truck,telluride
34734,2021,nissan,good,58745,hatchback,sentra
77588,2007,bmw,fair,183877,hatchback,x5
68646,2013,audi,fair,104915,hatchback,a6
8654,2005,hyundai,good,144588,coupe,tucson
23743,2007,bmw,fair,211494,hatchback,x5
53368,2015,nissan,excellent,217915,coupe,sentra
79172,2002,audi,fair,130560,coupe,a6
11441,2002,ford,fair,156915,sedan,f-150
29611,1998,nissan,good,244092,sedan,sentra
17149,2009,toyota,excellent,137984,coupe,corolla
64189,2022,chevrolet,like new,153586,truck,equinox
26675,2005,audi,like new,219431,suv,q7
76031,2005,nissan,new,189104,pickup,sentra
47668,1995,bmw,fair,160869,sedan,x3
18673,2011,toyota,fair,138521,coupe,tacoma
70429,2009,honda,excellent,133797,pickup,cr-v
28669,2014,audi,like new,82406,sedan,a4
39068,2000,toyota,new,10304,suv,corolla
14435,2018,bmw,excellent,205130,truck,3 series
57249,2016,nissan,fair,126555,coupe,sentra
42384,2022,kia,like new,145735,suv,sorento
36401,2019,ford,new,71320,sedan,f-150
76831,2009,kia,good,207080,coupe,sportage
39084,2003,chevrolet,like new,247992,pickup,silverado
60826,2008,toyota,new,95488,hatchback,rav4
41451,2012,chevrolet,excellent,76591,truck,equinox
12227,2020,ford,good,96044,sedan,f-150
36910,2011,toyota,new,144748,truck,rav4
41041,2012,mercedes,new,26192,coupe,gle
70681,1999,bmw,fair,156794,hatchback,3 series
70481,2014,toyota,like new,139518,suv,rav4
73576,2014,bmw,fair,120304,truck,x5
69174,2003,kia,good,136797,pickup,sportage
31160,2005,hyundai,new,217669,sedan,tucson
22633,2018,audi,fair,245145,pickup,q5
22014,2016,hyundai,like new,89207,truck,elantra
54104,1995,nissan,good,189704,hatchback,frontier
46621,2012,audi,excellent,199017,suv,q7
73388,2000,audi,fair,74741,suv,a6
21014,2021,honda,good,17365,pickup,pilot
38755,1996,audi,excellent,66792,coupe,a6
45390,2009,ford,fair,196929,coupe,mustang
28711,2020,hyundai,good,248481,hatchback,tucson
62993,2015,kia,good,147776,suv,optima
79696,2008,bmw,fair,51575,pickup,5 series
32213,1999,nissan,good,161974,pickup,frontier
62784,2000,audi,new,120641,pickup,a6
12421,2000,nissan,fair,233366,truck,altima
22727,2016,kia,good,133267,hatchback,optima
9358,2012,nissan,excellent,54517,coupe,rogue
70108,2008,kia,excellent,35012,coupe,sorento
37117,2004,audi,new,143487,truck,q5
36910,2008,kia,fair,171606,sedan,sportage
60754,2007,audi,good,22686,truck,q5
67438,1997,honda,good,209270,hatchback,civic
34371,2000,honda,excellent,246586,pickup,civic
56501,2002,kia,new,160815,truck,telluride
65946,2006,honda,excellent,33161,pickup,civic
43467,2007,bmw,excellent,193385,hatchback,5 series
22625,2005,bmw,new,248066,hatchback,3 series
38893,2006,honda,fair,240689,suv,pilot
36007,1995,honda,good,3402,pickup,civic
44532,2011,mercedes,fair,64190,coupe,e-class
59253,2010,mercedes,like new,247256,truck,c-class
17323,2005,audi,like new,184623,hatchback,q7
78379,2007,kia,like new,14275,pickup,sorento
19210,2012,chevrolet,new,160254,sedan,silverado
21456,2005,chevrolet,excellent,15915,suv,malibu
36367,2022,honda,fair,1909,sedan,cr-v
59624,2006,nissan,good,115110,hatchback,altima
15106,2000,honda,like new,66908,sedan,pilot
73008,2003,mercedes,fair,128337,sedan,c-class
77240,2010,audi,like new,23620,suv,a4
69315,1998,honda,like new,35112,suv,cr-v
74249,1997,hyundai,good,206123,suv,santa fe
75587,2022,nissan,new,3431,suv,frontier
15756,2010,hyundai,excellent,87590,sedan,santa fe
73011,2018,audi,new,63175,coupe,q5
41378,2021,audi,fair,118472,coupe,q5
9255,2020,bmw,new,33624,suv,x5
19484,2019,toyota,fair,208193,truck,rav4
61549,2006,hyundai,fair,62264,pickup,elantra
39503,2005,bmw,excellent,114766,hatchback,x3
78794,1999,mercedes,good,164030,truck,s-class
50113,2019,ford,excellent,133767,hatchback,mustang
79069,2012,nissan,new,101211,truck,sentra
10249,2013,ford,fair,120502,truck,focus
24201,2017,kia,like new,182004,coupe,sorento
63576,2017,mercedes,like new,231395,pickup,c-class
14686,2000,mercedes,fair,45225,truck,e-class
58363,2016,ford,excellent,133475,suv,f-150
5661,2012,hyundai,good,215418,hatchback,elantra
49843,2020,toyota,excellent,206463,coupe,tacoma
65963,2000,hyundai,fair,170708,hatchback,tucson
47828,1998,ford,fair,11839,suv,f-150
53604,2006,kia,good,197618,suv,telluride
15526,2013,hyundai,new,236706,truck,sonata
73910,2021,chevrolet,new,179901,suv,malibu
30592,1996,hyundai,good,141302,pickup,sonata
33982,2011,audi,new,52977,suv,q5
5207,2005,bmw,like new,172304,truck,x5
73619,2005,nissan,new,114050,hatchback,rogue
34328,2015,hyundai,new,233379,suv,sonata
51479,2010,toyota,new,226864,coupe,rav4
25103,1996,toyota,like new,26651,coupe,rav4
44891,1996,hyundai,new,98919,coupe,elantra
15754,2017,honda,like new,40963,hatchback,civic
77982,2002,mercedes,good,187944,sedan,s-class
60922,2007,hyundai,excellent,118776,coupe,santa fe
53231,2004,mercedes,good,80198,coupe,c-class
34301,2002,chevrolet,excellent,145811,sedan,tahoe
67711,1998,ford,good,131697,hatchback,f-150
46323,2009,chevrolet,excellent,64294,coupe,malibu
23752,1995,hyundai,excellent,180428,truck,elantra
18395,2005,toyota,fair,2789,hatchback,tacoma
61273,2001,honda,excellent,151492,coupe,pilot
9895,2011,kia,excellent,90297,coupe,telluride
15699,2021,mercedes,fair,237974,sedan,e-class
70061,2014,bmw,new,169678,truck,3 series
14715,2018,mercedes,new,170712,hatchback,gle
24169,2012,audi,fair,119341,suv,q7
21163,2016,nissan,like new,45135,pickup,rogue
10782,2016,hyundai,excellent,38067,truck,santa fe
40585,2006,chevrolet,excellent,190492,suv,malibu
35682,2003,bmw,fair,18357,truck,5 series
52864,1999,toyota,fair,171923,suv,corolla
60114,2004,toyota,like new,39262,suv,tacoma
43067,1998,toyota,new,208925,truck,rav4
47685,1999,kia,good,59643,sedan,sportage
23073,2022,audi,new,153606,truck,q7
41035,2022,toyota,excellent,92270,truck,camry
69977,2004,toyota,fair,233505,suv,rav4
70450,2005,hyundai,like new,164944,pickup,sonata
15382,2015,audi,new,237809,suv,a4
9437,2018,honda,like new,139761,coupe,pilot
75971,2004,honda,new,70103,truck,accord
69612,2022,audi,excellent,87268,hatchback,q5
66929,2002,nissan,good,87310,truck,altima
17329,1996,kia,like new,220803,sedan,sportage
30169,2017,bmw,like new,247941,hatchback,x3
39594,2002,mercedes,good,38412,suv,c-class
65631,2010,hyundai,like new,48734,sedan,sonata
50033,2021,ford,like new,241706,truck,focus
68133,2016,honda,new,88793,suv,pilot
78165,1999,audi,new,202002,suv,q5
78861,2021,bmw,good,233910,coupe,3 series
57290,2019,audi,excellent,23228,coupe,q7
36750,1997,mercedes,like new,121627,pickup,s-class
45461,2006,bmw,excellent,78924,coupe,x3
78800,2007,honda,good,12319,hatchback,pilot
29226,2007,toyota,good,7475,suv,camry
11721,2004,audi,new,229163,coupe,q7
61154,1998,ford,like new,215766,pickup,mustang
25609,2003,honda,fair,146800,truck,civic
57130,2016,chevrolet,good,242382,hatchback,equinox
77909,2018,ford,like new,30545,coupe,f-150
60249,2017,nissan,excellent,97636,suv,sentra
53895,2021,kia,new,213758,truck,sorento
10656,1996,honda,excellent,230822,suv,civic
79520,2013,toyota,good,230484,truck,rav4
68740,1995,honda,good,193828,hatchback,accord
69309,2019,mercedes,excellent,200847,suv,e-class
34984,2001,bmw,good,170771,coupe,3 series
78822,2011,audi,like new,168893,coupe,a4
10901,1997,bmw,good,31615,pickup,x3
36552,2014,bmw,new,14746,truck,x5
36055,2014,honda,like new,218529,pickup,pilot
42685,2015,mercedes,fair,154817,sedan,gle
78965,1997,audi,good,2245,coupe,q5
19716,1997,audi,good,118408,truck,q7
16138,2011,bmw,new,113143,hatchback,x5
40298,2001,nissan,new,156925,pickup,altima
56112,2021,kia,excellent,28632,hatchback,sportage
28429,2020,mercedes,excellent,13856,hatchback,s-class
55200,2008,nissan,excellent,188965,hatchback,altima
76308,2011,hyundai,new,202713,pickup,sonata
53244,2012,hyundai,excellent,233298,sedan,elantra
22347,2007,ford,excellent,69049,pickup,f-150
21920,2014,bmw,fair,59182,suv,x5
36822,2014,audi,excellent,134873,coupe,a6
51659,2015,honda,good,229953,pickup,pilot
45108,2021,audi,new,211503,pickup,q5
12967,2012,audi,like new,171821,sedan,a4
16871,1998,toyota,fair,205829,suv,tacoma
79270,1995,audi,new,56654,pickup,q7
38613,2012,ford,new,203646,coupe,mustang
33179,1995,nissan,good,229639,coupe,altima
57188,2020,hyundai,excellent,56381,pickup,tucson
60099,2020,audi,good,59601,hatchback,q7
40262,2007,audi,excellent,147154,hatchback,q5
23268,2014,toyota,excellent,146720,suv,rav4
65545,2014,mercedes,new,1364,coupe,gle
77146,2017,honda,excellent,166640,hatchback,civic
76966,2004,mercedes,fair,211718,coupe,gle
44922,2021,honda,fair,203566,suv,cr-v
47913,2005,kia,fair,206704,suv,optima
60677,2003,audi,new,8436,hatchback,a4
54841,2003,toyota,good,87713,pickup,camry
51332,1999,chevrolet,like new,158826,truck,malibu
30032,2020,bmw,excellent,61194,sedan,x5
42846,1995,hyundai,like new,25544,truck,santa fe
64474,2011,nissan,good,192252,truck,sentra
49936,2016,hyundai,good,64295,coupe,tucson
34794,1996,nissan,new,144710,suv,frontier
66588,2018,kia,fair,197787,coupe,telluride
75984,2007,mercedes,fair,70409,hatchback,e-class
55331,2003,ford,good,215178,sedan,f-150
33141,1998,audi,new,127839,hatchback,a4
14074,1999,chevrolet,new,114759,pickup,tahoe
11406,2005,nissan,excellent,18157,sedan,sentra
28291,2018,bmw,fair,177637,coupe,3 series
46568,2013,nissan,good,202068,coupe,sentra
51851,2015,ford,like new,245692,hatchback,explorer
59823,1997,hyundai,fair,66888,coupe,elantra
28312,2006,toyota,excellent,188167,coupe,corolla
48108,2020,hyundai,new,65947,truck,tucson
71918,2013,kia,good,219194,pickup,telluride
39171,2013,toyota,fair,71880,truck,tacoma
46779,2007,hyundai,like new,5507,coupe,elantra
73828,2022,bmw,excellent,104134,suv,x3
17411,2001,hyundai,excellent,44988,truck,sonata
62009,2009,bmw,fair,99421,coupe,5 series
20422,2017,bmw,like new,148937,coupe,x3
47468,2001,toyota,excellent,103591,pickup,tacoma
37371,2020,mercedes,good,130614,hatchback,s-class
62022,2002,honda,excellent,28213,sedan,civic
76229,1999,audi,like new,188026,truck,a4
56196,2015,nissan,new,58450,truck,rogue
31715,2008,honda,new,136549,truck,pilot
32605,1998,ford,fair,63222,coupe,explorer
36174,2017,mercedes,like new,138605,pickup,e-class
14956,2004,honda,excellent,181467,coupe,civic
74252,2014,toyota,excellent,155468,coupe,camry
66949,2009,ford,new,13755,hatchback,explorer
67646,2012,chevrolet,new,132937,suv,malibu
75017,2014,mercedes,good,143245,pickup,e-class
68037,2007,honda,new,190977,truck,cr-v
11548,2002,ford,good,170169,sedan,explorer
78294,2003,chevrolet,excellent,34371,truck,malibu
28177,2010,hyundai,good,236132,coupe,elantra
29022,2013,ford,good,143326,pickup,focus
10542,2010,toyota,fair,136090,pickup,camry
65428,2001,hyundai,new,6192,pickup,tucson
27740,2008,toyota,good,3015,suv,corolla
64353,2022,honda,excellent,109154,truck,accord
61532,2008,audi,like new,200988,suv,q7
21052,2019,honda,good,29343,hatchback,accord
52076,2021,hyundai,new,70306,sedan,sonata
58420,1998,bmw,fair,6829,hatchback,x5
5671,2020,honda,excellent,35381,coupe,civic
5163,2009,hyundai,fair,112451,suv,santa fe
46424,1997,ford,like new,213153,suv,mustang
58744,1999,kia,good,19263,hatchback,optima
75331,1995,honda,good,235748,coupe,cr-v
15634,1997,ford,new,185332,pickup,mustang
